iter,delta_E_meV_per_atom
0,0.0000000000
4,0.0005209911
14,-0.0020082765
30,-0.0401738160
57,-0.0440972235
59,-0.0837918996
71,-0.0972475500
78,-0.1276229070
98,-0.1316870850
108,-0.1360928020
113,-0.1715982148
120,-0.1976650983
128,-0.2177023566
140,-0.2248480067
144,-0.2472732301
147,-0.2727565195
162,-0.3001870672
217,-0.3080918548
254,-0.3087590460
263,-0.3094713853
269,-0.2911693153
292,-0.2913087603
295,-0.2994210330
328,-0.3144181898
334,-0.3530737210
373,-0.3390911006
381,-0.3378115877
408,-0.3670100011
429,-0.4054132544
436,-0.4044826764
447,-0.4069433626
457,-0.4107407365
473,-0.4358535592
530,-0.4528950546
535,-0.4699658493
554,-0.5001916223
593,-0.5018576903
609,-0.5048467686
619,-0.5164769576
638,-0.5155332925
660,-0.5347107556
696,-0.5425247727
711,-0.5477962447
717,-0.5479724264
800,-0.5480595250
831,-0.5415955061
859,-0.5566929324
892,-0.5774692643
896,-0.5851726209
904,-0.5939611751
966,-0.5961917813
969,-0.5773231049
982,-0.5872636902
986,-0.5985289090
998,-0.6029312128
1020,-0.6071437971
1022,-0.6175538037
1050,-0.6197554524
1068,-0.6705033856
1077,-0.6775124785
1131,-0.6880952382
1135,-0.7070246609
1136,-0.7026373175
1149,-0.7047166775
1162,-0.7229357416
1201,-0.7285242251
1222,-0.7518740211
1223,-0.7601251421
1266,-0.7776636938
1271,-0.7931492483
1284,-0.8063441889
1291,-0.8230777230
1302,-0.8307305024
1328,-0.8327076055
1332,-0.8583254547
1353,-0.8599179253
1363,-0.8968075920
1393,-0.9106171079
1394,-0.9231494546
1432,-0.9251911919
1496,-0.9350986342
1540,-0.9364140221
1573,-0.9568797380
1589,-0.9795550661
1595,-0.9823091614
1682,-0.9794798521
1688,-1.0083825672
1710,-1.0176656472
1721,-1.0416032988
1759,-1.0599339368
1786,-1.0836812803
1791,-1.1090273216
1797,-1.1114804535
1810,-1.0977887182
1848,-1.1124995632
1897,-1.1136642763
1937,-1.1202951633
1946,-1.1282571035
1999,-1.1168188279
2095,-1.1089314915
2108,-1.1056572124
2175,-1.1059192477
2214,-1.0785836285
2236,-1.0503099033
2268,-1.0608838872
2278,-1.0532413254
2299,-1.0385065962
2347,-1.0373464625
2362,-1.0442033965
2373,-1.0542016321
2378,-1.0533292670
2382,-1.0751910093
2416,-1.0783012532
2436,-1.0966850530
2461,-1.1149960049
2479,-1.1068043799
2509,-1.1057656531
2510,-1.1078150472
2553,-1.1282980119
2577,-1.1259163686
2631,-1.1527172744
2682,-1.1556954231
2694,-1.1612064926
2747,-1.1486722534
2752,-1.1560045965
2785,-1.1594001964
2801,-1.1525958131
2803,-1.1372699471
2808,-1.1466944149
2823,-1.1597889691
2833,-1.1520370548
2873,-1.1508225881
2884,-1.1759313361
2895,-1.1986547928
2897,-1.2058107170
2915,-1.2151746210
2925,-1.2124221855
2936,-1.2172112471
2957,-1.2107733980
2964,-1.2038232499
2982,-1.2074358331
2989,-1.2370407538
2996,-1.2400438682
3006,-1.2495485639
3023,-1.2547500324
3034,-1.2842380787
3039,-1.3080357075
3101,-1.2977748816
3136,-1.2984497074
3143,-1.2860960905
3177,-1.3073389327
3183,-1.3175384968
3184,-1.3161822894
3203,-1.3332117180
3242,-1.3439882743
3245,-1.3414473090
3272,-1.3430665893
3289,-1.3356568924
3306,-1.3458927382
3323,-1.3437896131
3343,-1.3377135901
3366,-1.3368291931
3375,-1.3360809865
3390,-1.3656515433
3412,-1.3640702369
3418,-1.3551006215
3442,-1.3567080484
3477,-1.4084214803
3492,-1.4112152209
3545,-1.4211836671
3551,-1.4746531007
3593,-1.4696275403
3594,-1.4766197879
3600,-1.4930653528
3629,-1.4972451496
3631,-1.5140560084
3633,-1.5322541729
3651,-1.5309606478
3653,-1.5344795121
3663,-1.5400705941
3686,-1.5540158964
3694,-1.5643769221
3718,-1.5686033123
3724,-1.5785327311
3728,-1.5837897290
3780,-1.5599932242
3805,-1.5533629452
3808,-1.5561265934
3831,-1.5511514631
3886,-1.5607195071
3894,-1.5915396005
3905,-1.5940582277
3917,-1.6221033442
3947,-1.6447284429
3986,-1.6445118582
3989,-1.6498005712
4002,-1.6425313833
4032,-1.6422925000
4048,-1.6376017375
4140,-1.6413401524
4152,-1.6575136168
4164,-1.6696731678
4179,-1.6533653192
4194,-1.6504377436
4252,-1.6528016750
4288,-1.6629543810
4294,-1.6628243198
4330,-1.6751205082
4332,-1.6977880971
4333,-1.6818725679
4339,-1.6796693274
4340,-1.7295013113
4366,-1.7491102212
4367,-1.7546254936
4368,-1.7507691468
4483,-1.7531063116
4549,-1.7310731219
4581,-1.7145905914
4583,-1.7182158875
4592,-1.7148914874
4598,-1.7161862837
4638,-1.7148141673
4644,-1.7144596430
4654,-1.7351841375
4685,-1.7334435069
4713,-1.7271972487
4716,-1.7275750338
4796,-1.7374389128
4803,-1.7390816237
4808,-1.7456134563
4830,-1.7272638965
4871,-1.7510334643
4899,-1.7702162474
4988,-1.7672692982
5041,-1.7791493760
5048,-1.7745020656
5075,-1.7612134139
5158,-1.7662520349
5159,-1.7635567811
5169,-1.7616227786
5170,-1.7628642503
5180,-1.7523371031
5181,-1.7783698176
5193,-1.7757432071
5197,-1.7673467178
5211,-1.7594827965
5260,-1.7587156596
5261,-1.7587156596
5336,-1.7864556522
5374,-1.8012858529
5415,-1.7894554236
5418,-1.7881623455
5437,-1.7972508591
5456,-1.8144481351
5461,-1.8159471810
5489,-1.8065414283
5586,-1.8196771163
5681,-1.8380571131
5767,-1.8451338716
5804,-1.8339137726
5843,-1.8537427183
5857,-1.8580506815
5875,-1.8514573466
5891,-1.8401143670
5979,-1.8291465688
6058,-1.8338563978
6104,-1.8312336043
6109,-1.8331924093
6142,-1.8330741318
6240,-1.8582409955
6279,-1.8608809945
6323,-1.8600988854
6390,-1.8460255691
6411,-1.8426693028
6414,-1.8489612304
6441,-1.8390996576
6465,-1.8551257928
6480,-1.8653249565
6513,-1.8853246386
6524,-1.8673222234
6548,-1.8693564893
6555,-1.8947032959
6575,-1.9027221156
6641,-1.8849813650
6670,-1.8812585102
6688,-1.8821200026
6735,-1.8856861198
6749,-1.8881693456
6785,-1.8857055031
6818,-1.8918758067
6842,-1.8805333144
6883,-1.8814306296
6911,-1.8864072991
6935,-1.8832777538
7024,-1.8793398261
7025,-1.8675905423
7043,-1.8621492536
7055,-1.8999226268
7093,-1.8975745379
7126,-1.8983247854
7156,-1.9140371285
7217,-1.9077525758
7261,-1.9012537878
7273,-1.9128860402
7279,-1.9188667462
7293,-1.9270002257
7303,-1.9311107104
7317,-1.9459133863
7320,-1.9377058755
7325,-1.9280585579
7469,-1.9255079053
7494,-1.9306849213
7587,-1.9465001445
7598,-1.9303926000
7619,-1.9370996708
7629,-1.9328111708
7635,-1.9333082613
7759,-1.9373933192
7767,-1.9384236003
7809,-1.9292043411
7828,-1.9376882783
7888,-1.9470895829
7913,-1.9454651719
7970,-1.9275039162
7994,-1.9336736746
8017,-1.9474267068
8070,-1.9361664014
8107,-1.9599874290
8117,-1.9472029335
8125,-1.9435097950
8128,-1.9596993355
8162,-1.9689616999
8243,-1.9681664217
8294,-1.9419291204
8338,-1.9444149663
8379,-1.9383164343
8395,-1.9398938872
8414,-1.9616137508
8449,-1.9511423460
8475,-1.9473311398
8504,-1.9709426832
8507,-1.9755938664
8539,-1.9795924038
8544,-1.9963371295
8637,-1.9970880236
8716,-1.9675992437
8751,-1.9778175059
8768,-1.9673409973
8769,-1.9673409973
8771,-1.9588103264
8798,-1.9726139101
8813,-1.9520326718
8906,-1.9529134622
8930,-1.9554604981
8965,-1.9606713527
8980,-1.9636332887
9009,-1.9665583120
9044,-2.0061879320
9114,-2.0144291808
9144,-2.0187119438
9210,-2.0161066627
9238,-2.0209714069
9262,-2.0221775706
9301,-2.0356023533
9333,-2.0344558133
9334,-2.0394590491
9386,-2.0516151943
9453,-2.0521473929
9459,-2.0324338862
9571,-2.0348167010
9595,-2.0351220228
9662,-2.0314298597
9705,-2.0339199824
9788,-2.0398745902
9793,-2.0414930825
9845,-2.0412752735
9847,-2.0379389706
9968,-2.0392042049
10046,-2.0329066751
10050,-2.0166730182
10080,-2.0313987043
10089,-2.0343777779
10298,-2.0395014897
10350,-2.0544272153
10378,-2.0515683334
10461,-2.0452623116
10494,-2.0283330584
10531,-2.0148441425
10559,-2.0125429467
10579,-2.0227106598
10635,-2.0544116809
10768,-2.0506432154
10770,-2.0560649621
10773,-2.0628161330
10857,-2.0581541476
10890,-2.0629191628
10976,-2.0730529870
11050,-2.0834292262
11058,-2.0836311207
11070,-2.0791941231
11123,-2.1076289093
11141,-2.1056633533
11197,-2.1039659073
11254,-2.1041548533
11360,-2.0954541400
11413,-2.1157184554
11523,-2.0940074984
11533,-2.0763641427
11571,-2.1025614900
11625,-2.1204065765
11665,-2.1313889152
11692,-2.1322256974
11720,-2.1262999435
11745,-2.1236228442
11746,-2.1254764983
11924,-2.1120336734
11946,-2.0989373627
11947,-2.1171848396
11970,-2.1027772292
12032,-2.1000421652
12052,-2.0977477688
12062,-2.0950349224
12108,-2.0987700469
12114,-2.0952727603
12209,-2.1099606630
12221,-2.1017908549
12251,-2.1053402100
12310,-2.0959023182
12322,-2.1105388466
12384,-2.1136850707
12397,-2.0954239749
12419,-2.1083263056
12454,-2.1023057230
12593,-2.0956679764
12625,-2.0821243882
12640,-2.0930415140
12651,-2.0843532101
12781,-2.0639871879
12950,-2.0750272029
13011,-2.0823158008
13075,-2.0816817894
13076,-2.0820381759
13080,-2.0922539564
13112,-2.0944410371
13185,-2.0824587639
13197,-2.0945341006
13281,-2.1059120315
13324,-2.0966329771
13340,-2.0877379257
13341,-2.0722769792
13343,-2.0613458599
13344,-2.0555463921
13353,-2.0705163963
13390,-2.0819799527
13412,-2.0954678064
13429,-2.0981879404
13458,-2.1082260457
13464,-2.1156789978
13563,-2.1159458650
13580,-2.1077915949
13639,-2.0960365128
13671,-2.1033402897
13694,-2.1103564749
13699,-2.1267617848
13732,-2.1203777601
13734,-2.1265331804
13788,-2.1348866710
13804,-2.1385531252
13817,-2.1673075923
13868,-2.1570442255
13883,-2.1580548584
13895,-2.1927187975
13934,-2.1771239808
13983,-2.1807034532
14030,-2.1756829430
14039,-2.1911863054
14126,-2.1899484406
14254,-2.1988234620
14276,-2.1943872793
14305,-2.1839208791
14311,-2.1969391248
14312,-2.1996067177
14332,-2.1920759541
14352,-2.1969187366
14406,-2.2011880842
14490,-2.2147860439
14504,-2.2117743127
14625,-2.2148360084
14640,-2.2171304288
14695,-2.2420190020
14698,-2.2557883070
14710,-2.2607444667
14745,-2.2707377445
14796,-2.2648088701
14820,-2.2350394512
14840,-2.2568867367
14902,-2.2576426553
14910,-2.2742040972
14936,-2.2653428894
14950,-2.2688456213
14969,-2.2694264686
14989,-2.2687518123
15025,-2.2820717349
15039,-2.2819931550
15168,-2.2905837416
15225,-2.3020525333
15236,-2.3164456977
15284,-2.3071614315
15358,-2.3053504297
15363,-2.3084782986
15400,-2.2953982410
15524,-2.2924984888
15525,-2.2939863791
15528,-2.2927310427
15635,-2.3151260051
15726,-2.3082572228
15817,-2.3069176672
15849,-2.3047025458
15870,-2.3071639889
15930,-2.3008812939
15994,-2.3013202649
15996,-2.3043745100
15997,-2.3149425289
16033,-2.3105290494
16045,-2.2964201718
16181,-2.2995702472
16199,-2.3213026383
16266,-2.3309608912
16275,-2.3425141570
16315,-2.3636159955
16402,-2.3610849551
16511,-2.3791573263
16529,-2.3860916376
16537,-2.4046493639
16713,-2.4208560546
16759,-2.4276333354
16766,-2.4172712355
16769,-2.4330797099
16822,-2.4377941993
16844,-2.4261257824
16848,-2.4278344458
16933,-2.4265599498
16952,-2.4455726129
17048,-2.4679147710
17060,-2.4767865209
17115,-2.4827059933
17252,-2.4521874667
17255,-2.4780967658
17256,-2.4803124187
17259,-2.5111068930
17507,-2.5085863376
17514,-2.5080886256
17536,-2.5093092145
17597,-2.4993951337
17630,-2.5049862990
17665,-2.5032902860
17897,-2.5127448511
17930,-2.5211365001
17956,-2.5144956657
17972,-2.5073038627
18019,-2.5024384860
18048,-2.5092459188
18056,-2.5084988164
18144,-2.5109779851
18164,-2.5144106046
18233,-2.5274639821
18288,-2.5103940738
18321,-2.4929931168
18366,-2.4935261145
18388,-2.4944526308
18389,-2.4937768458
18402,-2.4898878488
18406,-2.4878416735
18411,-2.4942108148
18510,-2.4991518484
18526,-2.4925800753
18529,-2.4863919831
18553,-2.5079191928
18566,-2.5095737185
18603,-2.5266290466
18694,-2.5241279410
18695,-2.5261736762
18712,-2.5263248518
18772,-2.5308453264
18812,-2.5269353513
18829,-2.5642939692
19071,-2.5578432002
19115,-2.5681302281
19177,-2.5671431951
19231,-2.5662617008
19271,-2.5695462686
19324,-2.5564152595
19366,-2.5582661395
19386,-2.5561551682
19424,-2.5505475085
19457,-2.5638522920
19465,-2.5628658765
19517,-2.5685190790
19555,-2.5702695950
19574,-2.5905892567
19594,-2.5912869258
19603,-2.6017991770
19617,-2.5997023685
19692,-2.5986804982
19732,-2.6082414450
19817,-2.5920593204
19848,-2.5873018622
19878,-2.5950987032
19903,-2.5668101876
19911,-2.5647401233
19937,-2.6067718828
19973,-2.6025354157
20053,-2.6105577091
20138,-2.6118754579
20164,-2.6162228070
20190,-2.6212245404
20191,-2.6234825622
20197,-2.6299870411
20223,-2.6154101308
20245,-2.6416589217
20267,-2.6419303510
20346,-2.6500712076
20361,-2.6386181460
20396,-2.6337171925
20474,-2.6252754259
20565,-2.6501676762
20623,-2.6317770981
20705,-2.6312085667
20733,-2.6281376677
20745,-2.6180015495
20809,-2.6203733144
20842,-2.6174421115
20855,-2.6150826210
20867,-2.6097101833
20925,-2.6159053149
20931,-2.6080419153
20956,-2.6118361990
21115,-2.6089412760
21177,-2.6212971140
21186,-2.6234079678
21196,-2.6131223190
21207,-2.6370990025
21212,-2.6276278858
21308,-2.6495726028
21354,-2.6389038878
21405,-2.6473151144
21470,-2.6443669168
21494,-2.6421672982
21532,-2.6447547797
21563,-2.6477230200
21601,-2.6547790977
21670,-2.6717978487
21725,-2.6718927785
21731,-2.6565671946
21743,-2.6586112821
21842,-2.6542694254
21914,-2.6369524174
22041,-2.6418853586
22067,-2.6528745102
22154,-2.6506742795
22186,-2.6594485505
22218,-2.6710676250
22242,-2.6801735630
22310,-2.6869545162
22357,-2.7132084423
22374,-2.7128855375
22399,-2.6926348522
22401,-2.6912878200
22419,-2.6971566970
22428,-2.7023227001
22429,-2.7149171260
22451,-2.7102189984
22464,-2.6919344959
22476,-2.6978117882
22488,-2.7073237081
22491,-2.7108812139
22514,-2.7093719321
22576,-2.7188621117
22626,-2.7191483078
22693,-2.7110362286
22700,-2.6954637522
22858,-2.7094691254
23096,-2.6960893557
23105,-2.7015683103
23115,-2.7054195993
23133,-2.7186340693
23192,-2.7080055268
23251,-2.7001316237
23408,-2.7063084215
23410,-2.6980437887
23447,-2.7250673428
23464,-2.7081665993
23512,-2.7109047489
23558,-2.7084078992
23580,-2.6852474715
23588,-2.7008320402
23599,-2.6930057271
23679,-2.7057088854
23772,-2.7076997342
23782,-2.7145088860
23786,-2.6975904976
23797,-2.6649473757
23809,-2.6629591927
23813,-2.6583531724
23815,-2.6526956572
23878,-2.6580373618
23964,-2.6548171239
23991,-2.6681116456
24052,-2.7044182824
24081,-2.7086732126
24130,-2.7008787498
24240,-2.6728952084
24258,-2.7147575608
24327,-2.7362809276
24334,-2.7477007811
24370,-2.7590352523
24502,-2.7782412455
24520,-2.7562473428
24616,-2.7712796176
24631,-2.7703455289
24664,-2.7779368450
24813,-2.7905034593
24871,-2.7832826906
24911,-2.7962159552
24999,-2.8017782403
25061,-2.8070573467
25080,-2.8300045684
25124,-2.8277988078
25135,-2.8276333640
25225,-2.8253111383
25248,-2.8192209002
25269,-2.8366563823
25275,-2.8469361154
25289,-2.8571493928
25296,-2.8577795544
25310,-2.8656773605
25380,-2.8425253838
25394,-2.8339110060
25431,-2.8201212160
25617,-2.8059426537
25697,-2.8098732041
25701,-2.8292021957
25738,-2.8224684228
25777,-2.8382215249
25817,-2.8190416134
25855,-2.8298800005
25874,-2.8314446549
25941,-2.8303901840
26001,-2.8464455508
26200,-2.8250740086
26273,-2.8232881011
26291,-2.8246066353
26304,-2.8286499504
26415,-2.8236997471
26431,-2.8345903340
26480,-2.8492445143
26545,-2.8497834720
26561,-2.8558700605
26581,-2.8541702073
26584,-2.8510688466
26596,-2.8485424448
26690,-2.8751579968
26750,-2.8757187633
26755,-2.8810735704
26776,-2.8744565344
26788,-2.8776646503
26793,-2.9058475560
26833,-2.8950301737
27091,-2.9078598083
27147,-2.9034775045
27168,-2.9095935678
27232,-2.9117238257
27339,-2.9080539976
27369,-2.8974524463
27385,-2.8937603185
27429,-2.8960392602
27484,-2.9262836755
27522,-2.9195488853
27554,-2.9187250116
27631,-2.9245370271
27653,-2.9411695175
27697,-2.9355447783
27724,-2.9443336292
27733,-2.9465976922
27766,-2.9445529225
27811,-2.9567280046
27845,-2.9901691055
28011,-2.9731137644
28042,-2.9890378111
28092,-2.9571461593
28104,-2.9971818502
28113,-3.0004286708
28131,-3.0064316206
28162,-3.0046758004
28229,-3.0351644375
28232,-3.0305426408
28366,-3.0314391613
28367,-3.0477682305
28383,-3.0439079413
28410,-3.0462297306
28466,-3.0594329461
28766,-3.0628404470
28797,-3.0787093189
28801,-3.0932837387
28838,-3.0947797922
28841,-3.1099318971
28859,-3.1381274578
29020,-3.1293276342
29083,-3.1326311807
29159,-3.1376728107
29177,-3.1447161689
29206,-3.1765043412
29328,-3.1797753961
29376,-3.1740837193
29400,-3.1771157068
29489,-3.1722844513
29491,-3.1805410038
29598,-3.1667035569
29609,-3.1822880399
29764,-3.1909177641
29805,-3.1981469406
29865,-3.1957078677
29901,-3.1811732289
29978,-3.1617035130
30018,-3.1641568926
30043,-3.1569087713
30066,-3.1493119089
30071,-3.1437095371
30083,-3.1577062310
30089,-3.1491716059
30129,-3.1174663964
30152,-3.1123396258
30175,-3.1123547632
30320,-3.1171032300
30394,-3.1136037359
30439,-3.1354245724
30459,-3.1359557436
30633,-3.1356856158
30677,-3.1156456230
30743,-3.1064786256
30779,-3.1036865400
30940,-3.0967013329
30993,-3.0938216055
31005,-3.1276780327
31018,-3.1679601214
31135,-3.1741721728
31372,-3.1774833971
31568,-3.1382892584
31673,-3.1385380561
31727,-3.1339509537
31950,-3.1424964708
31974,-3.1488202620
32173,-3.1417882097
32180,-3.1475660536
32235,-3.1687073495
32281,-3.1819378333
32302,-3.1887011134
32329,-3.1840813153
32404,-3.1786803130
32493,-3.1696771091
32598,-3.1722473028
32617,-3.1737301981
32692,-3.1780355653
32698,-3.1683087751
32734,-3.1688205700
32803,-3.1600615082
32953,-3.1608136935
32985,-3.1477063651
33006,-3.1328466948
33013,-3.1426007520
33068,-3.1385135470
33229,-3.1290643411
33356,-3.1456228977
33402,-3.1412394284
33480,-3.1529485170
33516,-3.1726284055
33619,-3.1640478773
33721,-3.1659631145
33782,-3.1539966706
33790,-3.1490367951
33829,-3.1385684154
33877,-3.1695344276
33886,-3.1606420638
33896,-3.1611430125
33970,-3.1710956178
33982,-3.1768846691
34007,-3.1395594018
34021,-3.1380880858
34079,-3.1347175994
34109,-3.1313441858
34116,-3.1541601660
34117,-3.1597107724
34308,-3.1460938988
34345,-3.1393578504
34360,-3.1379566021
34387,-3.1209125407
34504,-3.1284959838
34557,-3.1427850897
35099,-3.1292797888
35195,-3.1385864173
35218,-3.1429710635
35221,-3.1421843765
35227,-3.1307539516
35297,-3.1330169958
35327,-3.1357855511
35329,-3.1464929059
35331,-3.1546033798
35343,-3.1378198415
35473,-3.1375799503
35497,-3.1241785237
35513,-3.1205613218
35515,-3.1123921105
35552,-3.1190219427
35594,-3.1142782740
35675,-3.1095861981
35715,-3.1166883650
35732,-3.1266805942
35751,-3.1207333398
36124,-3.1245366130
36177,-3.1266052719
36179,-3.1348412939
36204,-3.1265874514
36208,-3.1250299334
36232,-3.1238385225
36234,-3.1162062821
36305,-3.1222985809
36486,-3.1366076616
36571,-3.1280377431
36594,-3.1228201028
36647,-3.1135034561
36702,-3.1167519836
36706,-3.1178398255
36745,-3.1135131942
36771,-3.0895662726
36781,-3.0906164965
36808,-3.0937546613
36817,-3.1041927068
36823,-3.0867493338
36847,-3.0999240204
36875,-3.1020282881
36880,-3.1182609194
36891,-3.0964803742
36936,-3.0965521079
36961,-3.1080980499
36978,-3.1056355771
37072,-3.1046734957
37096,-3.1057628841
37192,-3.1356454222
37227,-3.1412588725
37287,-3.1390496722
37368,-3.1410791461
37433,-3.1420658371
37445,-3.1498331973
37490,-3.1511402984
37683,-3.1562983851
37727,-3.1650188721
37731,-3.1609985433
37846,-3.1501923089
37879,-3.1483186746
37946,-3.1569750017
37958,-3.1572287814
37969,-3.1491930260
37981,-3.1505756249
38115,-3.1758433613
38149,-3.1688182341
38165,-3.1689170331
38189,-3.1835276576
38224,-3.1814259928
38272,-3.1937176369
38345,-3.2114715980
38365,-3.2190126648
38399,-3.2228087280
38429,-3.2173284597
38443,-3.2158929144
38475,-3.2013793053
38481,-3.2223472080
38591,-3.2187511469
38607,-3.2154972273
38618,-3.2006726769
38743,-3.1998237280
38762,-3.2032812310
38861,-3.1933122320
39026,-3.2060492573
39110,-3.2358329198
39123,-3.2012644663
39139,-3.1976958915
39140,-3.1917322599
39200,-3.1910247018
39307,-3.1897249854
39371,-3.1882782782
39403,-3.1951107714
39559,-3.2019227096
39564,-3.2132818067
39638,-3.2158460025
39655,-3.2100296361
39691,-3.2142163122
39695,-3.2255300793
39743,-3.2155459843
39794,-3.2133368577
39818,-3.2100240254
39828,-3.2177561829
39879,-3.2148258489
39903,-3.2129908652
39949,-3.2226594904
40049,-3.2036668228
40050,-3.2035569437
40138,-3.2086448057
40214,-3.1913236669
40274,-3.2067591835
40296,-3.1954559229
40303,-3.2055526278
40310,-3.2103300136
40330,-3.2139090494
40492,-3.2217254554
40544,-3.2390728532
40596,-3.2396025177
40616,-3.2464021014
40672,-3.2474979263
40676,-3.2671572338
40697,-3.2523554178
40731,-3.2637737301
40742,-3.2573821320
40761,-3.2445048799
40789,-3.2351768669
40804,-3.2240948534
40959,-3.2315335217
40966,-3.2361803119
40981,-3.2320517680
41083,-3.2452725309
41136,-3.2737427818
41157,-3.2878279416
41165,-3.3018162146
41180,-3.3166948125
41217,-3.3247452394
41221,-3.3337850505
41262,-3.3230096638
41265,-3.3332264998
41267,-3.3280074275
41321,-3.3137243037
41443,-3.3073535808
41499,-3.2946241199
41544,-3.3020582295
41590,-3.3036677427
41633,-3.3014439558
41790,-3.2972563110
41927,-3.3011461020
42047,-3.3249881149
42218,-3.3175387139
42270,-3.2801018632
42287,-3.2921716946
42298,-3.2811784562
42307,-3.2864029656
42481,-3.2967242418
42660,-3.3036791736
42693,-3.2934032225
42700,-3.2830120882
42734,-3.2830298729
42765,-3.2680129112
42773,-3.2736446460
42888,-3.2977199653
42910,-3.2943273517
42915,-3.2945425149
42928,-3.2934879670
42934,-3.3104501552
43048,-3.3092165347
43086,-3.3339121273
43147,-3.3239224067
43221,-3.3125632634
43242,-3.2946640503
43275,-3.3171897076
43301,-3.3011940182
43444,-3.3025982873
43479,-3.3060591644
43496,-3.3107804835
43566,-3.3239633192
43620,-3.3282925324
43624,-3.3349581342
43628,-3.3265129066
43697,-3.3204656213
43701,-3.3048541985
43715,-3.2976141070
43729,-3.3071915407
43779,-3.3202670736
43795,-3.3200537575
43865,-3.3195346831
43866,-3.3154811385
43874,-3.3148511069
43941,-3.2825665706
43965,-3.2785203091
44072,-3.2893295317
44248,-3.2896987173
44308,-3.2863633161
44309,-3.2692815676
44321,-3.2613329493
44392,-3.2565522904
44453,-3.2370799016
44486,-3.2373233314
44506,-3.2375225895
44769,-3.2463426613
44894,-3.2812928041
44942,-3.2808903373
45014,-3.2809604466
45119,-3.3020776302
45125,-3.3070478205
45175,-3.3188283411
45216,-3.3148086912
45227,-3.3226491817
45231,-3.3132544433
45265,-3.3194436404
45296,-3.3363995894
45315,-3.3370268510
45334,-3.3647540001
45563,-3.3947725101
45731,-3.3898762553
45842,-3.3976820181
45891,-3.3971625115
45896,-3.3852655894
45929,-3.3764248323
45961,-3.3873403677
45986,-3.3828489000
46064,-3.3808133174
46132,-3.3763978695
46297,-3.3732481690
46302,-3.3981519921
46383,-3.3954219379
46415,-3.3769206867
46418,-3.3634362104
46464,-3.3546164944
46474,-3.3722802345
46525,-3.3824386919
46618,-3.3941466364
46774,-3.3887013582
46887,-3.3857296725
46980,-3.3499182437
46997,-3.3423599490
47022,-3.3425187340
47056,-3.3446396102
47065,-3.3626364900
47189,-3.3647914417
47294,-3.3809865708
47333,-3.3677880041
47348,-3.3885064662
47385,-3.3890822528
47559,-3.3960085340
47563,-3.3966372672
47635,-3.4113142334
47648,-3.4101914751
47680,-3.4288790717
47721,-3.4141825090
47740,-3.4156304561
47775,-3.4218132712
47931,-3.4014655487
47967,-3.3877074896
47968,-3.3786149406
48051,-3.3644359051
48137,-3.3834707301
48160,-3.3896908077
48175,-3.3977499364
48218,-3.3890622297
48232,-3.3925106177
48278,-3.4020351294
48354,-3.3997821648
48410,-3.4063830618
48463,-3.3953684401
48493,-3.3944083162
48565,-3.3772605806
48581,-3.3752241044
48627,-3.3723660899
48688,-3.3657940226
48723,-3.3624062441
48791,-3.3596643304
48815,-3.3679386825
48853,-3.3618802427
48950,-3.3595100304
48962,-3.3633828264
48966,-3.3714783415
49073,-3.3745765541
49162,-3.3859149855
49175,-3.3963899635
49245,-3.3957870052
49279,-3.3928185507
49329,-3.4102033102
49391,-3.4201079208
49406,-3.4226976558
49418,-3.4475798150
49435,-3.4421923794
49439,-3.4587166156
49586,-3.4555504204
49617,-3.4604692037
49624,-3.4665133188
49703,-3.4827912977
49737,-3.4841294089
49834,-3.4851126082
49889,-3.5059650305
49910,-3.5423986937
49953,-3.5456993648
49964,-3.5459565400
50004,-3.5333017460
50018,-3.5260794094
50057,-3.5249272917
50106,-3.5232618965
50113,-3.5228585523
50176,-3.5187763802
50256,-3.5061241826
50369,-3.4928396290
50394,-3.4952140745
50417,-3.4924552781
50422,-3.4928492697
50429,-3.4990512225
50435,-3.5168071887
50450,-3.5218056431
50472,-3.5214988229
50516,-3.5206358161
50524,-3.5176505157
50561,-3.5289257363
50659,-3.5255556206
50721,-3.5091971169
50884,-3.5123238235
50892,-3.5207455716
50920,-3.5174593136
50946,-3.5504753937
50949,-3.5636487800
50984,-3.5578068000
51012,-3.5726020304
51087,-3.5546515174
51239,-3.5539913490
51265,-3.5720305457
51307,-3.5614772592
51413,-3.5623676014
51432,-3.5646509719
51749,-3.5754537409
51773,-3.5629902295
51911,-3.5667302079
51972,-3.5706436851
52116,-3.5883382035
52148,-3.5927638147
52174,-3.5961704678
52190,-3.6013358343
52216,-3.6050254985
52232,-3.6233642879
52271,-3.6147567733
52298,-3.5784404768
52376,-3.5702132791
52402,-3.5828697620
52477,-3.5930460411
52531,-3.5927271184
52621,-3.6041167437
52672,-3.6245281187
52905,-3.6329669202
52921,-3.6238087334
52986,-3.6388772231
53124,-3.6488777707
53146,-3.6393400150
53160,-3.6479974592
53196,-3.6548686077
53277,-3.6535903667
53322,-3.6620857776
53341,-3.6566527787
53383,-3.6337812404
53424,-3.6426158633
53449,-3.6440529911
53471,-3.6303682294
53498,-3.6225520945
53555,-3.6214178320
53725,-3.6314236459
53784,-3.6253474493
53823,-3.6170394459
53896,-3.6194813913
53908,-3.6093435163
53924,-3.6026934900
53935,-3.6107096061
53951,-3.6083060185
54038,-3.6045816558
54098,-3.6100932600
54119,-3.6009122141
54211,-3.5972698840
54290,-3.6043072809
54316,-3.6029609967
54382,-3.6191977273
54406,-3.5966589242
54535,-3.6037094078
54552,-3.6101159290
54600,-3.6099065550
54685,-3.6152836733
54761,-3.6143840413
54768,-3.5924435961
54890,-3.6064260083
54925,-3.5992996621
55024,-3.6225505471
55025,-3.6219933435
55129,-3.6262017180
55398,-3.6350883303
55690,-3.6238011556
55694,-3.6250593259
55821,-3.6175745024
55828,-3.6179230217
55844,-3.6338972696
55943,-3.6304174484
55948,-3.6126713931
55982,-3.6072518278
56018,-3.6234952122
56107,-3.6385483423
56186,-3.6315736293
56208,-3.6317929989
56268,-3.6268948949
56283,-3.6240785568
56347,-3.6210380450
56535,-3.6188496342
56634,-3.6315205645
56652,-3.6235631749
56934,-3.6497121983
57020,-3.6598042337
57046,-3.6605408153
57155,-3.6389237916
57201,-3.6376259520
57208,-3.6489226081
57224,-3.6401914351
57293,-3.6026152957
57319,-3.5995047752
57486,-3.6020726082
57529,-3.5985568460
57531,-3.6009554405
57656,-3.5879336382
57707,-3.5875760201
57819,-3.5861558832
57866,-3.5748754529
57976,-3.5579853279
58059,-3.5570648781
58063,-3.5622251201
58084,-3.5646057502
58264,-3.5593096956
58350,-3.5723966470
58491,-3.5640234824
58507,-3.5612070723
58550,-3.5386036122
58588,-3.5304172752
58589,-3.5312499798
58697,-3.5065599068
58721,-3.5148637899
58723,-3.5170293719
58755,-3.5004047266
58840,-3.5035776196
58857,-3.5050745053
58919,-3.5071920827
59017,-3.5082016513
59051,-3.5386280499
59053,-3.5395056504
59267,-3.5386647924
59274,-3.5501758572
59276,-3.5442034894
59322,-3.5451381158
59391,-3.5529142107
59469,-3.5532133578
59493,-3.5531719121
59573,-3.5529006825
59777,-3.5652224056
59895,-3.5737698389
59916,-3.5903622336
60018,-3.5961687947
60108,-3.5563583543
60109,-3.5638255383
60199,-3.5459128679
60241,-3.5497631502
60423,-3.5555435409
60434,-3.5571835982
60453,-3.5445121994
60622,-3.5443794792
60717,-3.5313627665
60755,-3.5335687643
60756,-3.5335687643
60785,-3.5478135984
60919,-3.5638555247
61209,-3.5536910041
61315,-3.5501835640
61387,-3.5541997494
61476,-3.5680786092
61665,-3.5769314400
61704,-3.5768284789
61719,-3.5645601456
61837,-3.5659269817
61939,-3.5588583046
62040,-3.5432001546
62051,-3.5130016452
62058,-3.5247152754
62166,-3.5239635943
62192,-3.5335798045
62339,-3.5385117729
62404,-3.5486370125
62438,-3.5610968616
62514,-3.5381991542
62618,-3.5354257577
62635,-3.5346488819
62742,-3.5416039746
62785,-3.5388689661
62999,-3.5558560103
63001,-3.5640984865
63011,-3.5284390605
63154,-3.5156824936
63183,-3.4881034533
63298,-3.4858627754
63367,-3.4882926663
63423,-3.4985658826
63431,-3.5042570219
63502,-3.4985789617
63583,-3.4959060925
63635,-3.4887529474
63716,-3.4865470382
63725,-3.4944792019
63745,-3.4925345005
63790,-3.4976305088
63791,-3.5009371830
63793,-3.5001903227
63808,-3.5097006886
63825,-3.5155706721
63826,-3.5182504728
63835,-3.5265623727
63855,-3.5103760673
63900,-3.5032312706
64017,-3.5104701895
64073,-3.5096919426
64080,-3.5065070304
64121,-3.5295044821
64181,-3.5353983568
64390,-3.5408733945
64500,-3.5365995734
64541,-3.5449159610
64559,-3.5492173136
64666,-3.5561550117
64709,-3.5674838162
64818,-3.5654544430
64906,-3.5608072016
64926,-3.5697430215
65025,-3.5685844004
65042,-3.5703460294
65181,-3.5653605918
65233,-3.5552780577
65298,-3.5469781460
65353,-3.5714129653
65484,-3.5784616852
65550,-3.5898153089
65603,-3.5897014771
65807,-3.6040128976
65849,-3.6116788770
65907,-3.5970150319
65924,-3.6070892686
66125,-3.6110403132
66144,-3.5953417061
66159,-3.6110166209
66250,-3.6099007603
66278,-3.5928555483
66283,-3.6133249288
66412,-3.6219927387
66587,-3.6205090133
66683,-3.6149624067
66710,-3.6009162282
66768,-3.6092543452
66920,-3.6059296541
67034,-3.6244295956
67074,-3.6240559390
67264,-3.6238190891
67281,-3.6107422665
67296,-3.6151775026
67502,-3.6300308106
67518,-3.6220846783
67682,-3.6289667655
67732,-3.6033088287
67799,-3.6005837821
67801,-3.5936291728
67852,-3.6012433245
67893,-3.5717108342
67896,-3.5704463543
67973,-3.5802643183
67992,-3.5420594636
67997,-3.5389391483
67998,-3.5465602049
68002,-3.5524514407
68170,-3.5646074349
68260,-3.5515459226
68428,-3.5332923247
68572,-3.5549178262
68574,-3.5543817260
68719,-3.5486913269
68724,-3.5535719422
68734,-3.5534343323
69062,-3.5443013795
69082,-3.5389123564
69127,-3.5466214121
69185,-3.5453051896
69285,-3.5672714819
69309,-3.5754853327
69433,-3.5745153020
69456,-3.5714166615
69465,-3.5533676274
69535,-3.5562567383
69572,-3.5552058582
69616,-3.5567621524
69683,-3.5577283906
69689,-3.5486885658
69706,-3.5408159133
69801,-3.5415692089
69810,-3.5349590459
69853,-3.5343259266
69962,-3.5429339037
70040,-3.5391192266
70074,-3.5488713271
70163,-3.5579252803
70344,-3.5577736884
70406,-3.5518189975
70527,-3.5533285680
70646,-3.5437635112
70796,-3.5195586036
70828,-3.5501326740
70837,-3.5503415653
70860,-3.5462776977
70889,-3.5321472218
70909,-3.5375887009
70936,-3.5457012046
71003,-3.5410510742
71129,-3.5129003619
71130,-3.5556507846
71601,-3.5698739621
71652,-3.5672019168
71731,-3.5516525674
71735,-3.5467664493
71854,-3.5379832140
71858,-3.5444270613
71861,-3.5406829299
71877,-3.5446302280
71879,-3.5605106934
71897,-3.5553490145
71921,-3.5579483161
71985,-3.5625019557
71994,-3.5663365758
72128,-3.5800540803
72139,-3.5656782224
72170,-3.5573733690
72220,-3.5459519520
72274,-3.5498538735
72289,-3.5529197695
72345,-3.5581296027
72365,-3.5598713211
72467,-3.5250795548
72469,-3.5250795548
72731,-3.5192106943
72736,-3.5184399054
72772,-3.5152584450
72901,-3.5141595831
72924,-3.5143827341
73021,-3.5190418598
73025,-3.5222272836
73056,-3.5291270868
73134,-3.5383476920
73254,-3.5397204052
73261,-3.5237913914
73312,-3.5121808559
73331,-3.4984293383
73407,-3.4975723848
73427,-3.5210760854
73477,-3.5175385177
73500,-3.5186428481
73519,-3.5029212121
73575,-3.5005409950
73631,-3.5127826819
73640,-3.5083618553
73666,-3.5358292377
73724,-3.5372748453
73748,-3.5375930401
73820,-3.5412300362
73922,-3.5412051000
73930,-3.5208574365
74158,-3.5214889405
74224,-3.5612673893
74238,-3.5555006483
74269,-3.5383873870
74280,-3.5435583546
74291,-3.5459364018
74301,-3.5697473555
74308,-3.5705413470
74404,-3.5820102373
74480,-3.5910554054
74532,-3.6065812837
74536,-3.6068552544
74652,-3.5996313397
74684,-3.5954665668
74787,-3.5945617660
74792,-3.5957622616
74865,-3.6040596578
74871,-3.6029434582
74916,-3.6031161123
75008,-3.6072033195
75027,-3.6130125079
75049,-3.6198122042
75244,-3.5838811563
75359,-3.5910433154
75421,-3.5998047291
75563,-3.5916880136
75626,-3.6169919147
75648,-3.6148103901
75719,-3.6133036843
75737,-3.6246904000
75757,-3.6118623615
75797,-3.5932488145
75798,-3.5857902496
75843,-3.5925794489
75931,-3.6317958384
76019,-3.6345768646
76042,-3.6312719067
76163,-3.6346572176
76180,-3.6352190183
76260,-3.6356310278
76593,-3.6457887852
76611,-3.6429575116
76680,-3.6270069694
76685,-3.6243101717
76798,-3.6164108927
76818,-3.6184997901
76864,-3.6087218744
77014,-3.5996323075
77144,-3.6074519329
77215,-3.6118440110
77261,-3.6096406006
77334,-3.5946329965
77381,-3.5762383120
77465,-3.5826643928
77481,-3.5978458776
77483,-3.6023908175
77595,-3.6064259763
77736,-3.6061140068
77919,-3.6052910439
77946,-3.5886561164
77989,-3.5869698123
78121,-3.5749609449
78302,-3.5709814145
78566,-3.5724661138
78576,-3.5931870610
78825,-3.5811348832
78988,-3.5774250213
79034,-3.5803707171
79100,-3.5742847545
79180,-3.5659657343
79202,-3.5723676571
79208,-3.5784839020
79253,-3.5943088380
79267,-3.6013656488
79343,-3.5923598515
79404,-3.5911896998
79413,-3.5984632005
79543,-3.5776280756
79606,-3.5847903971
79637,-3.6037677257
79680,-3.5941352125
79745,-3.5978129883
79825,-3.5962032460
79891,-3.6019676868
79908,-3.6037743752
79974,-3.5910436587
80022,-3.5979678247
80517,-3.6018230232
80784,-3.6031099503
80795,-3.6046545978
80927,-3.5958524916
80929,-3.5986218404
81023,-3.6138377985
81024,-3.6236727488
81083,-3.6306195934
81235,-3.6271124091
81336,-3.6348042856
81357,-3.6340132820
81374,-3.6526688876
81780,-3.6480021944
81794,-3.6422500673
81866,-3.6464895876
81906,-3.6844306434
82063,-3.6834993390
82162,-3.6972299186
82276,-3.6876461075
82369,-3.6787714303
82388,-3.6847716904
82407,-3.6747876725
82526,-3.6954741130
82563,-3.6928708269
82803,-3.6928823487
82834,-3.7049630031
82965,-3.7037659860
83010,-3.7110463056
83083,-3.7253305858
83106,-3.7567849616
83284,-3.7539726501
83655,-3.7541041469
83700,-3.7403853640
83719,-3.7516593258
83741,-3.7771397486
83765,-3.8001846482
83787,-3.7951642190
83799,-3.7996364816
83839,-3.7995384108
83945,-3.7999564827
83975,-3.7910145955
84039,-3.7905663813
84210,-3.7919497202
84295,-3.7831526572
84373,-3.7823784495
84442,-3.7840656749
84459,-3.7988079951
84514,-3.8104175361
84529,-3.8119785667
84670,-3.8121453629
84672,-3.7963988559
84763,-3.7933667235
85233,-3.7918732694
85260,-3.8007355527
85277,-3.7964291568
85300,-3.7968361221
85361,-3.7514310223
85749,-3.7549426992
85755,-3.7507450586
85789,-3.7560694064
85835,-3.7407160161
86122,-3.7325552944
86310,-3.7313413821
86335,-3.7330041219
86359,-3.7312245957
86376,-3.7393049263
86494,-3.7342173365
86507,-3.7495569390
86747,-3.7887630254
87676,-3.8069659353
87683,-3.8092376066
87722,-3.7941146201
87729,-3.7744749234
87774,-3.7794138622
87785,-3.7749403866
87944,-3.7888622404
88011,-3.7924703085
88087,-3.7914227589
88121,-3.7972870717
88145,-3.8079185768
88334,-3.8041221929
88347,-3.8109999999
88489,-3.8230295857
88648,-3.8268921502
88703,-3.8331969411
88711,-3.8367446137
88720,-3.8614248516
88812,-3.8677108242
89007,-3.8482439532
89223,-3.8406461833
89279,-3.8498583933
89306,-3.8521445083
89318,-3.8240427830
89414,-3.8105895716
89445,-3.8174902786
89506,-3.8085785691
89512,-3.7997763688
89545,-3.8026093949
89553,-3.7930505305
89584,-3.7907955174
89674,-3.7918587742
89676,-3.7799277562
89721,-3.7697113056
89730,-3.7532433704
89737,-3.7733799545
89745,-3.7796196548
89791,-3.7816875457
89812,-3.7821444608
89872,-3.7767286916
89920,-3.7778664200
89977,-3.7811240439
89997,-3.7597834840
90045,-3.7527376667
90077,-3.7567383057
90247,-3.7618036770
90274,-3.7586601418
90372,-3.7685623396
90419,-3.7681779345
90496,-3.7727999032
90557,-3.7735538809
90722,-3.7724573422
90743,-3.7739502815
90744,-3.7846947847
90963,-3.7769660909
91015,-3.7735608780
91105,-3.7708685798
91111,-3.7707625680
91146,-3.7556254252
91155,-3.7447081991
91246,-3.7342938023
91256,-3.7508096468
91302,-3.7536711375
91411,-3.7674807342
91442,-3.7506031521
91481,-3.7545751776
91565,-3.7664576028
91608,-3.7686307558
91650,-3.7667542860
91652,-3.7710040190
91724,-3.7842170740
91887,-3.7825946364
92037,-3.7991726275
92057,-3.7986124925
92117,-3.7825815276
92132,-3.7797877189
92134,-3.7870637574
92193,-3.7845340779
92211,-3.8090090681
92321,-3.8096463046
92324,-3.8082540179
92394,-3.8316761564
92474,-3.8291566476
92523,-3.8307838111
92558,-3.8260044690
92882,-3.8243536211
92959,-3.8271930829
93127,-3.8187779171
93224,-3.8243713413
93258,-3.8157754984
93307,-3.8095110376
93417,-3.8100235222
93432,-3.8101940140
93543,-3.8103033872
93575,-3.8124432471
93681,-3.8330646623
93720,-3.8346964862
93721,-3.8269907590
93829,-3.8250105973
93861,-3.8266106359
93973,-3.8143101952
94030,-3.8138611967
94060,-3.8241461248
94093,-3.8310419948
94185,-3.8045533690
94197,-3.7934601659
94204,-3.8020299186
94212,-3.7992669489
94241,-3.7910051176
94258,-3.8042045473
94375,-3.8018184250
94412,-3.8034175767
94435,-3.8080931777
94446,-3.7954225830
94480,-3.7932421205
94511,-3.8005735691
94605,-3.7888703258
94635,-3.7955222772
94676,-3.7962582562
94691,-3.7996961652
94706,-3.7971281903
94806,-3.7931508110
94817,-3.8046560106
94980,-3.7919844629
94981,-3.7919844629
94994,-3.7894619091
95025,-3.7755932147
95052,-3.7733449041
95196,-3.7722652655
95261,-3.7684638570
95523,-3.7621294812
95622,-3.7625712211
95673,-3.7600922413
96132,-3.7676746500
96152,-3.7659808446
96154,-3.8028175978
96255,-3.7970282936
96276,-3.8061157261
96278,-3.8090716911
96290,-3.8195281444
96387,-3.8267091012
96413,-3.8403201979
96478,-3.8330824736
96507,-3.8313737291
96531,-3.8482391767
96621,-3.8461446485
96640,-3.8413074211
96641,-3.8328787554
96678,-3.8475555521
96701,-3.8556640255
96745,-3.8620110965
96780,-3.8770724698
96816,-3.8894828598
97038,-3.8857750472
97096,-3.8929572178
97147,-3.8887600304
97165,-3.8794809859
97362,-3.8734806478
97363,-3.8714432898
97405,-3.8823740520
97522,-3.8778343881
97620,-3.8665208929
97656,-3.8666626101
97658,-3.8700821569
97663,-3.8673622415
97716,-3.8607727589
97722,-3.8610388819
97755,-3.8685709132
97835,-3.8459542276
97923,-3.8629173055
97932,-3.8451935128
98049,-3.8429148772
98141,-3.8340557608
98168,-3.8246114996
98195,-3.8421721124
98261,-3.8631810229
98294,-3.8484131175
99096,-3.8507506263
99106,-3.8526418245
99184,-3.8579005660
99250,-3.8558413844
99281,-3.8562352453
99301,-3.8496840385
99423,-3.8437684674
99476,-3.8453201823
99533,-3.8424726275
99545,-3.8407067156
99667,-3.8296792477
99806,-3.8285471237
99836,-3.8299619053
99922,-3.8315215337
99965,-3.8395921313
99973,-3.8342272396
99978,-3.8328295038
100022,-3.8412488037
100028,-3.8495330627
100030,-3.8495330627
100042,-3.8542228527
100116,-3.8619519070
100187,-3.8616282402
100206,-3.8477597579
100306,-3.8453573774
100314,-3.8598494893
100329,-3.8748008962
100367,-3.8800247508
100395,-3.8855463317
100421,-3.8966502333
100429,-3.8774959433
100485,-3.8758286945
100546,-3.8777291726
100576,-3.8789502610
100655,-3.8758188584
100764,-3.8565829338
100819,-3.8761459615
100883,-3.8602851378
100885,-3.8766279733
100918,-3.8748968030
101140,-3.8692897109
101230,-3.8733851074
101316,-3.8994144381
101494,-3.9025887702
101554,-3.9068501304
101629,-3.9044419202
101726,-3.9067920134
101776,-3.8987592527
101978,-3.8918494924
101986,-3.8840212842
102089,-3.8958317106
102093,-3.9032967664
102134,-3.8991904487
102170,-3.9221807036
102402,-3.9141520742
102411,-3.9090262563
102679,-3.9112424460
102790,-3.9136010743
102911,-3.9028138681
103041,-3.9111865556
103244,-3.9086856568
103285,-3.9019186762
103440,-3.9020551317
103489,-3.8930435905
103494,-3.9021096421
103535,-3.8866952287
103612,-3.8470249791
103714,-3.8507411468
103748,-3.8616837260
103880,-3.8537424662
103902,-3.8560378507
103943,-3.8566954822
104056,-3.8344547497
104086,-3.8418601825
104098,-3.8405514701
104168,-3.8553179939
104183,-3.8681798211
104704,-3.8719963259
104922,-3.8664497760
104934,-3.8711725759
105106,-3.8575239507
105227,-3.8625460525
105280,-3.8500457432
105340,-3.8586819167
105341,-3.8565817286
105391,-3.8708991848
105406,-3.8674093864
105709,-3.8627346462
105748,-3.8581925106
105816,-3.8521902951
105868,-3.8443095910
105871,-3.8482290371
106000,-3.8508398546
106153,-3.8515604179
106200,-3.8598367163
106242,-3.8582185929
106278,-3.8593376731
106283,-3.8739014862
106285,-3.8739014862
106435,-3.8393139652
106471,-3.8342857370
106709,-3.8276688838
107116,-3.8582996333
107166,-3.8567592418
107206,-3.8776721182
107214,-3.8827387170
107228,-3.8507015812
107311,-3.8510078963
107634,-3.8481329368
107825,-3.8480103117
107912,-3.8634643421
107944,-3.8666076427
107959,-3.8449178734
107982,-3.8329024509
108013,-3.8253421805
108167,-3.8221991783
108285,-3.8198874572
108419,-3.8410438616
108452,-3.8241107836
108477,-3.8179719283
108548,-3.8016029896
108607,-3.7956725157
108771,-3.7902846001
108802,-3.7764121661
108856,-3.7779235368
108987,-3.7688261794
109005,-3.7902125844
109011,-3.8051732991
109082,-3.8128686975
109129,-3.8027473559
109145,-3.8044655993
109192,-3.7800489517
109272,-3.7785997365
109274,-3.7759280587
109387,-3.7847110497
109565,-3.7969670603
109719,-3.7966637258
110064,-3.7965581339
110091,-3.7915187388
110102,-3.7908284977
110112,-3.7869696460
110166,-3.7870967187
110191,-3.7894612671
110232,-3.7927181527
110315,-3.8162335174
110363,-3.8323409430
110471,-3.8269300686
110506,-3.8339709171
110666,-3.8484809255
110896,-3.8496310027
110903,-3.8413104536
110912,-3.8373131278
110952,-3.8425679911
111007,-3.8531404073
111161,-3.8476334204
111339,-3.8296561772
111370,-3.8213616878
111432,-3.8169354314
111445,-3.8236352451
111447,-3.8353794899
111490,-3.8375283438
111639,-3.8365049953
111653,-3.8434489829
111668,-3.8333197578
111694,-3.8362344288
111747,-3.8284724925
111920,-3.8359509425
111950,-3.8341280677
112133,-3.8235304069
112262,-3.8303365799
112284,-3.8343655193
112294,-3.8490002428
112343,-3.8579803418
112440,-3.8449936760
112545,-3.8533057776
112575,-3.8636808738
112597,-3.8637096970
112617,-3.8636499871
112805,-3.8686279674
112866,-3.8773025290
112989,-3.8807603829
112997,-3.8860400427
113004,-3.8931355226
113028,-3.8885363835
113129,-3.9059969562
113136,-3.8968425598
113335,-3.9071497985
113485,-3.9070679702
113577,-3.9031223248
113643,-3.8876986044
113694,-3.8870362989
113784,-3.8912247468
113822,-3.8802442376
113857,-3.8701995271
113895,-3.8751059706
113899,-3.8775273419
113913,-3.8709442574
113928,-3.8667670031
114051,-3.8966610984
114218,-3.8915279483
114230,-3.8890881837
114297,-3.8829104185
114335,-3.8914859422
114543,-3.8925252534
114693,-3.8705038497
114743,-3.8673519050
114838,-3.8743584852
114982,-3.8809048324
115049,-3.8805298304
115171,-3.8768643615
115179,-3.8821709259
115253,-3.8913361451
115260,-3.9012462534
115323,-3.9020187612
115335,-3.9058819596
115371,-3.9061906696
115379,-3.8870133992
115453,-3.8920222666
115579,-3.8918474877
115592,-3.8812883406
115773,-3.8658999104
115826,-3.8812457831
115836,-3.8767278371
115952,-3.8612318161
116031,-3.8659590415
116103,-3.8508232954
116119,-3.8491211823
116136,-3.8548557587
116394,-3.8487837573
116438,-3.8411486552
116445,-3.8449979485
116609,-3.8595776385
116629,-3.8472297935
116662,-3.8336307165
116798,-3.8240098274
116880,-3.8234813507
116883,-3.8391696666
116954,-3.8430861551
117084,-3.8369281433
117097,-3.8348036269
117260,-3.8752521691
117397,-3.8986325932
117424,-3.9140812742
117450,-3.9098083577
117605,-3.9135172808
117633,-3.8919197735
117732,-3.8820594286
117777,-3.9078213643
117897,-3.9099765553
117946,-3.9140423535
118061,-3.9273603694
118270,-3.9214285193
118281,-3.9140064578
118310,-3.9186921776
118356,-3.9204004999
118533,-3.9336691303
118643,-3.9280664274
118653,-3.9574638041
118695,-3.9549046576
118696,-3.9594101401
118788,-3.9527771830
118896,-3.9321957339
118995,-3.9275481674
119126,-3.9155438603
119171,-3.9278544333
119216,-3.9303282784
119242,-3.9191705446
119275,-3.9196727399
119363,-3.9176729634
119499,-3.9169440660
119629,-3.9336660965
119633,-3.9426898657
119679,-3.9636606323
119996,-3.9737563671
119997,-3.9708991953
120303,-3.9608879655
120432,-3.9498861797
120439,-3.9593831928
120494,-3.9506561631
120695,-3.9538333735
120773,-3.9458667385
121154,-3.9185739888
121201,-3.9026008741
121222,-3.9134324012
121273,-3.9315868168
121368,-3.9219586853
121820,-3.9181515599
122027,-3.9226154322
122054,-3.9268769094
122096,-3.9385494620
122603,-3.9393642331
122606,-3.9342262876
122650,-3.9176021514
122714,-3.9261546092
122820,-3.9203772378
122918,-3.8881462546
122941,-3.9122063816
123025,-3.9124946685
123133,-3.9054291196
123312,-3.8983359516
123400,-3.8965494724
123405,-3.9111753104
123419,-3.9088164959
123453,-3.9230346349
123658,-3.9292678475
123700,-3.9243418389
123710,-3.9257318848
123801,-3.9102853605
123887,-3.9262761945
124085,-3.9311646158
124304,-3.9323551316
124355,-3.9310000948
124371,-3.9361263161
124550,-3.9335656339
124718,-3.9594276414
124760,-3.9317285171
124769,-3.9447513676
124774,-3.9447513676
125219,-3.9437122203
125387,-3.9170689771
125405,-3.9128850350
125491,-3.9049066942
125531,-3.9245028005
125549,-3.9347049858
125728,-3.9248661346
125978,-3.9208598831
125993,-3.9367329307
126125,-3.9366707306
126234,-3.9432522726
126269,-3.9769501291
126351,-3.9869337806
126361,-3.9704015345
126421,-3.9730149670
126451,-3.9769120537
126544,-3.9774744516
126580,-3.9743227378
126645,-3.9662314229
126846,-3.9619304708
127047,-3.9528222494
127111,-3.9450251513
127119,-3.9509230396
127248,-3.9497667062
127276,-3.9815631892
127358,-3.9803735402
127387,-3.9778040414
127403,-4.0060997747
127441,-4.0092067426
127508,-4.0107521389
127606,-4.0048564391
127658,-3.9985007353
127684,-3.9968291017
127728,-3.9973471620
127770,-3.9959508948
127869,-3.9745388302
127933,-3.9742814741
127986,-3.9675214513
128086,-3.9646852264
128089,-3.9619952379
128093,-3.9999492753
128120,-3.9681184323
128179,-3.9690902531
128192,-3.9710802393
128347,-3.9722566255
128372,-3.9658865808
128437,-3.9888491716
128560,-3.9896663454
128610,-4.0104013853
128611,-4.0294097597
128617,-4.0282467629
128627,-4.0514898150
128688,-4.0425582432
128792,-4.0338078741
128830,-4.0293458845
128916,-4.0342835954
129025,-4.0413400587
129043,-4.0110235422
129071,-4.0190834992
129085,-4.0174206043
129128,-4.0199752865
129361,-4.0267595850
129499,-4.0294462074
129656,-4.0381031021
129715,-4.0383828001
129788,-4.0282665323
129941,-4.0255869835
129942,-4.0326461383
130020,-4.0348860062
130025,-4.0433618114
130030,-4.0433618114
130032,-4.0475986619
130151,-4.0513431307
130202,-4.0606296985
130244,-4.0668445607
130331,-4.0553710212
130334,-4.0595667421
130371,-4.0483012389
130553,-4.0419993901
130697,-4.0378528231
130744,-4.0398125491
130796,-4.0494966577
130819,-4.0439200570
130828,-4.0141855325
130876,-3.9739066765
130913,-3.9723163221
130957,-3.9621871174
131021,-3.9586048279
131122,-3.9633277729
131168,-3.9435301831
131291,-3.9075955439
131299,-3.9071932018
131358,-3.9109539743
131370,-3.9136082926
131705,-3.9144028861
131842,-3.9260571254
132035,-3.9245599820
132070,-3.9106549130
132130,-3.9058398491
132175,-3.9083126788
132177,-3.9117192309
132199,-3.9277642670
132258,-3.9316263931
132275,-3.9499323033
132538,-3.9323053274
132772,-3.9236375815
132828,-3.9207639490
132850,-3.9168457309
132907,-3.9067104925
132939,-3.9193165286
133229,-3.9260608813
133355,-3.9404928104
133471,-3.9380181401
133493,-3.9497579917
133897,-3.9425995431
133921,-3.9499497942
134072,-3.9347076494
134083,-3.9511370047
134117,-3.9526886541
134289,-3.9594655521
134350,-3.9558987855
134403,-3.9425441207
134419,-3.9411987861
134440,-3.9508315288
134566,-3.9386201316
134719,-3.9544676749
134845,-3.9571209570
135054,-3.9616126493
135155,-3.9538199967
135179,-3.9812634622
135326,-3.9779444177
135380,-3.9642530966
135417,-3.9689003166
135435,-3.9859428243
135438,-3.9772133481
135444,-3.9774029678
135472,-3.9747287687
135487,-3.9827635326
135493,-3.9827635326
135557,-4.0173693169
135700,-4.0346800529
135710,-4.0407591044
135826,-4.0209973255
135831,-4.0245315789
135983,-4.0205066770
135987,-4.0097048697
136056,-4.0169047001
136198,-4.0282109440
136211,-4.0247812986
136621,-3.9821503791
136743,-4.0048156459
136996,-4.0220897819
137556,-4.0262284217
137656,-4.0339118927
137717,-4.0384957563
137736,-4.0290079999
137898,-4.0302189590
138005,-4.0317843606
138146,-4.0382218707
138225,-4.0444441661
138254,-4.0642023254
138271,-4.0469684072
138326,-4.0511749376
138496,-4.0579914531
138589,-4.0689203644
138635,-4.0796594022
138660,-4.0863629283
138674,-4.0943200297
138699,-4.1000143610
138847,-4.1033470555
138993,-4.0827264499
139068,-4.1123883400
139116,-4.1090766769
139370,-4.0864669461
139387,-4.0868830617
139409,-4.0952825444
139438,-4.0916217592
139703,-4.0859334037
139885,-4.0904554331
139998,-4.0936632760
140110,-4.1060126839
140286,-4.0846566982
140584,-4.0875315704
140649,-4.0868682222
141016,-4.0928471389
141069,-4.1020864422
141235,-4.1203395669
141268,-4.1222943256
141313,-4.1274019414
141382,-4.1355419364
141449,-4.1355175773
141553,-4.1133565578
141562,-4.0891141069
141734,-4.0899249570
142059,-4.0844598637
142220,-4.0942654420
142497,-4.1055521260
142514,-4.1096082009
142531,-4.1084400618
142673,-4.1021058034
142782,-4.0997664223
142897,-4.1212490587
142949,-4.1295421212
143200,-4.1383747980
143260,-4.1283328835
143448,-4.1374084088
143549,-4.1255611277
143622,-4.1207187926
143729,-4.1293708015
143815,-4.1300757757
143981,-4.1272274893
144059,-4.1277166895
144587,-4.1267603753
144621,-4.1264719594
144735,-4.1222336550
144747,-4.1210785585
144789,-4.1219360578
144874,-4.1377347529
145102,-4.1376852742
145157,-4.1526601468
145572,-4.1521820877
145601,-4.1414549707
145690,-4.1303904361
145711,-4.1461418959
145905,-4.1303626192
146044,-4.1303026549
146161,-4.1324837496
146272,-4.1345360755
146374,-4.1246145860
146474,-4.1315271759
146605,-4.1147515499
146854,-4.1082521151
146927,-4.1140323008
146934,-4.1349904774
147089,-4.1269448901
147148,-4.1194448358
147228,-4.1265986280
147380,-4.1308041447
147472,-4.1429027209
147509,-4.1471577848
147549,-4.1390945532
147583,-4.1366867804
147651,-4.1489481129
148041,-4.1360551836
148330,-4.1414296418
148332,-4.1291626270
148373,-4.1233659333
148419,-4.1247673786
148768,-4.1191083769
148815,-4.1069933987
149048,-4.1094700859
149063,-4.1305642008
149092,-4.1273709532
149143,-4.1308618398
149267,-4.1183060928
149286,-4.1051153507
149300,-4.0896141950
149351,-4.0976633729
149474,-4.0914495551
149522,-4.1068926744
149564,-4.1236797632
149620,-4.1193835424
149650,-4.1142061827
149658,-4.1459641182
149898,-4.1474239177
150239,-4.1458030491
150368,-4.1312850939
150835,-4.1403115920
150836,-4.1406313466
150927,-4.1367645177
150962,-4.1413556869
151071,-4.1461393127
151130,-4.1471841142
151408,-4.1758464918
151472,-4.1664085419
151558,-4.1658397244
151668,-4.1536955558
151716,-4.1499925857
151797,-4.1504599914
152018,-4.1515017335
152376,-4.1540563149
152492,-4.1552473468
152561,-4.1537448644
152564,-4.1487988022
152618,-4.1480528773
152753,-4.1327886462
153095,-4.1267524990
153098,-4.1175117641
153270,-4.1144499605
153431,-4.1141760848
153715,-4.1227265262
153880,-4.1275146121
153927,-4.1381600530
153976,-4.1286455333
154108,-4.1220199640
154351,-4.1037162054
154497,-4.0964841259
154501,-4.0979018302
154586,-4.1057380838
154742,-4.0909928004
154855,-4.0899093467
154905,-4.1003950815
154938,-4.0970110447
154953,-4.0993566151
155041,-4.0964985593
155063,-4.1043791334
155199,-4.1144054224
155215,-4.1262169787
155293,-4.1171740871
155449,-4.0805246994
155483,-4.0844478962
155554,-4.0854577564
155580,-4.0911492210
155728,-4.1072589515
155731,-4.1055884769
155929,-4.1082533093
156052,-4.1029323842
156258,-4.1049189085
156286,-4.1015452624
156531,-4.1066441553
156711,-4.1451143884
157107,-4.1417439097
157194,-4.1401838392
157499,-4.1223607784
157536,-4.1130367029
157546,-4.1164846138
157704,-4.1185870005
157770,-4.1208429250
157796,-4.1221605814
157850,-4.1393993666
158040,-4.1486658715
158066,-4.1487028845
158214,-4.1742289696
158569,-4.1905772060
158762,-4.1950757904
158914,-4.1826384121
159196,-4.1866112035
159331,-4.1845360370
159491,-4.1912820391
159650,-4.1932930031
159780,-4.1946842336
159932,-4.1898860685
159950,-4.1905722036
160038,-4.2057425255
160100,-4.2090480248
160216,-4.2063333844
160263,-4.2073169099
160515,-4.2044705347
160538,-4.1807982582
160540,-4.1587648915
160731,-4.1487485994
160845,-4.1441968250
160939,-4.1422788459
161005,-4.1638247359
161077,-4.1624569583
161322,-4.1606253408
161390,-4.1667986537
161621,-4.1694495693
161913,-4.1995172139
161932,-4.1997994707
162090,-4.2033223005
162110,-4.2069443362
162121,-4.2405644308
162169,-4.2352039778
162183,-4.2208850115
162188,-4.2233202919
162198,-4.2169160541
162302,-4.1870536570
162344,-4.1601261768
162450,-4.1541378931
162508,-4.1700312738
162695,-4.1689257274
162728,-4.1857976387
162945,-4.1748160967
163119,-4.1692749865
163240,-4.1598426680
163354,-4.1657912110
163409,-4.1886642138
163456,-4.1890612569
163690,-4.1807089318
163825,-4.2033499130
163874,-4.1925072004
164015,-4.1838850759
164141,-4.1781186360
164391,-4.1757881781
164427,-4.1793186955
164861,-4.1902188409
164950,-4.1933171288
165050,-4.1986864581
165120,-4.1930624446
165133,-4.1942080575
165320,-4.1998525217
165351,-4.1892811316
165359,-4.2078257178
165524,-4.2066587335
165723,-4.1969886945
165995,-4.2025547498
166069,-4.2100028152
166169,-4.2260136505
166223,-4.2370584680
166225,-4.2242079305
166259,-4.2238317960
166363,-4.2273516290
166393,-4.2269456035
166479,-4.2199974710
166493,-4.2272032972
166497,-4.2268502801
166667,-4.2091185901
166718,-4.1847221051
166739,-4.1895619493
166747,-4.1834064765
166998,-4.1616594712
167054,-4.1519876369
167145,-4.1491685765
167347,-4.1383585292
167499,-4.1184995293
167509,-4.1314369357
167550,-4.1257945745
167695,-4.1242684671
167758,-4.1285317792
167816,-4.1347801806
167839,-4.1418961687
168095,-4.1374634584
168323,-4.1433068796
168326,-4.1549757896
168337,-4.1595044725
168417,-4.1361824885
168428,-4.1443422142
168513,-4.1365762133
168522,-4.1380037381
168580,-4.1248087722
168608,-4.1218323627
168658,-4.1300033762
168698,-4.1305562564
168738,-4.1348864728
168771,-4.1111145371
168929,-4.1184698053
168939,-4.1197970305
169011,-4.1193489541
169222,-4.1096081573
169266,-4.1096590549
169274,-4.0918176754
169433,-4.0895683117
169559,-4.0918713960
169656,-4.1023394565
169746,-4.0961746753
169764,-4.0927190261
170156,-4.0954210335
170201,-4.0723733723
170274,-4.0545322661
170279,-4.0485412130
170350,-4.0436863888
170360,-4.0324422441
170434,-4.0418148639
170641,-4.0323325116
170866,-4.0371628666
170986,-4.0339970718
171346,-4.0427986820
171608,-4.0456467514
171659,-4.0455741304
171691,-4.0471620874
171889,-4.0470728653
172076,-4.0444255271
172098,-4.0355540219
172164,-4.0552844508
172235,-4.0635062390
172265,-4.0328049330
172280,-4.0153155600
172376,-4.0120966603
172459,-3.9859711351
172460,-3.9867959796
172615,-4.0023124154
172978,-3.9964192538
172979,-4.0033331952
173036,-3.9948618836
173090,-3.9947374673
173124,-3.9976992821
173167,-4.0056812995
173169,-4.0050601495
173274,-4.0282387158
173325,-4.0284956210
173494,-4.0159198310
173881,-4.0349402414
174125,-4.0549650503
174128,-4.0635829790
174148,-4.0746243523
174284,-4.0745756177
174295,-4.0949007792
174571,-4.0970586348
174808,-4.1093484765
174965,-4.1120294021
174996,-4.1246563182
175042,-4.1311385480
175094,-4.1451453745
175314,-4.1522900061
175445,-4.1528341331
175469,-4.1517637804
175750,-4.1542307775
175958,-4.1563310474
176002,-4.1563803406
176012,-4.1499804278
176014,-4.1469394850
176026,-4.1267132686
176037,-4.1241647221
176038,-4.1375772047
176089,-4.1356996596
176316,-4.1557322747
176347,-4.1582623372
176444,-4.1594069035
176496,-4.1696271896
176799,-4.1720666616
176826,-4.1646790900
176894,-4.1705776937
176910,-4.1555773487
176974,-4.1422371024
176975,-4.1458722657
177218,-4.1137001048
177436,-4.0927425988
177447,-4.0951880747
177492,-4.0952069034
177608,-4.0992344743
177641,-4.1059817093
177745,-4.1028767017
177775,-4.0940209565
177821,-4.0963282231
177920,-4.1041927830
178049,-4.0866339847
178071,-4.0465001076
178130,-4.0717170095
178138,-4.0598311375
178171,-4.0443962075
178268,-4.0500103293
178417,-4.0296232824
178492,-4.0378679190
178555,-4.0433150808
178624,-4.0638706650
178708,-4.0642091606
178761,-4.0732184602
179085,-4.0849464650
179111,-4.0603012766
179240,-4.0442366228
179288,-4.0564310088
179327,-4.0657590799
179438,-4.0664712851
179445,-4.0777902949
179836,-4.0713534898
180208,-4.0642712970
180265,-4.0419698261
180331,-4.0495170043
180383,-4.0466601412
180409,-4.0472784121
180527,-4.0438613042
180653,-4.0473950315
180749,-4.0492949894
180868,-4.0469303532
180947,-4.0458969122
180979,-4.0471808980
181003,-4.0397943914
181165,-4.0270610555
181243,-4.0242160892
181306,-4.0132175405
181322,-4.0117254931
181839,-4.0281643012
181845,-4.0377240844
181920,-4.0320331035
181982,-4.0305608473
182036,-4.0117586020
182131,-4.0124419608
182261,-4.0322287863
182434,-4.0429420997
182453,-4.0467463363
182673,-4.0591762576
182725,-4.0864172952
182770,-4.0857778845
182928,-4.0814845510
182929,-4.0824863857
183083,-4.0676372670
183133,-4.0648659301
183312,-4.0516190813
183351,-4.0526653465
183403,-4.0379430229
183409,-4.0396043251
183439,-4.0363388772
183511,-4.0194744849
183606,-4.0134395075
183709,-4.0047456815
183899,-4.0206745014
183945,-4.0406149670
183951,-4.0419351904
184000,-4.0277566919
184076,-4.0062769183
184132,-4.0363429646
184227,-4.0365932195
184240,-4.0400097620
184313,-4.0345878422
184340,-4.0288394112
184397,-4.0321004276
184811,-4.0250896806
184850,-4.0237744434
184866,-4.0323725299
185117,-4.0357628946
185194,-4.0359613033
185376,-4.0684008644
185538,-4.0666853076
185571,-4.0717376864
185747,-4.0669815425
185884,-4.0706376122
185893,-4.0767316944
185926,-4.0768908989
186049,-4.0646777089
186095,-4.0744888971
186098,-4.0947470905
186128,-4.1137450337
186244,-4.1166776375
186305,-4.1100255705
186430,-4.1312030084
186458,-4.1301507601
186545,-4.1085766738
186618,-4.1065590711
186681,-4.1040183801
186883,-4.1211219618
187041,-4.1185296848
187195,-4.1289187774
187334,-4.1405147792
187423,-4.1423220513
187449,-4.1150776856
187658,-4.1168063919
187784,-4.1032687986
187904,-4.1275372052
188018,-4.1286180096
188026,-4.1594588225
188027,-4.1594588225
188039,-4.1433931609
188052,-4.1402586571
188207,-4.1468884069
188368,-4.1406244880
188436,-4.1389597577
188477,-4.1283670708
188579,-4.1596656661
188601,-4.1673203259
188803,-4.1774061465
188804,-4.1844055086
188871,-4.1666983312
189005,-4.1618386267
189010,-4.1536055344
189116,-4.1584821762
189182,-4.1224268618
189197,-4.1023023653
189201,-4.1083775666
189423,-4.1108680235
189504,-4.1087669667
189740,-4.1090920113
189868,-4.1088861062
189977,-4.1081686485
190015,-4.1115974006
190056,-4.1063675144
190190,-4.1065739696
190192,-4.1092057596
190242,-4.1104003796
190414,-4.0952741994
190446,-4.0923243720
190477,-4.1169098599
190557,-4.1239741334
190571,-4.1265605058
190649,-4.1190058791
190682,-4.1086424973
190779,-4.1110228065
190826,-4.0871359794
190869,-4.1011148181
190937,-4.0924452997
191005,-4.0987496932
191162,-4.0974320638
191246,-4.0959024613
191533,-4.0961243873
191633,-4.0868788911
191648,-4.0807144496
191672,-4.0814903631
191786,-4.0852216670
191800,-4.0850258530
191829,-4.0903854266
191838,-4.0758449736
191913,-4.0512228399
192236,-4.0324581881
192425,-4.0330762394
192539,-4.0360678685
192605,-4.0366115886
192665,-4.0288338047
192689,-4.0317534954
192745,-4.0324443018
192795,-4.0286624580
192857,-4.0261524088
193107,-4.0341804946
193155,-4.0351245555
193200,-4.0331703275
193350,-4.0236048134
193391,-4.0362594205
193468,-4.0673834377
193565,-4.0751525619
194169,-4.0716728434
194335,-4.0355202448
194358,-4.0426115824
194543,-4.0422965084
194560,-4.0356415030
194645,-4.0427362789
194757,-4.0169423190
194860,-4.0152146599
194900,-4.0152599709
194913,-4.0169565119
194970,-4.0112328158
195064,-3.9900643319
195095,-3.9969655285
195255,-3.9985149057
195441,-4.0040037442
195561,-4.0033806083
195563,-4.0033806083
195592,-4.0255299152
195620,-4.0310133088
195638,-4.0098004113
195735,-4.0052044075
195769,-4.0087898868
195817,-4.0139308429
195838,-3.9812754999
195856,-3.9815746402
195878,-3.9791553788
195939,-3.9809068073
196147,-3.9986471467
196154,-4.0048895409
196169,-4.0088265219
196257,-4.0054783659
196328,-4.0034567642
196392,-4.0005097275
196459,-3.9946314409
196509,-4.0117913797
196607,-4.0020474434
197057,-3.9869814538
197113,-3.9950353454
197221,-3.9942001476
197356,-3.9702298517
197365,-3.9724888886
197426,-3.9753816317
197427,-3.9877841075
197442,-3.9778328227
197494,-3.9821740117
197496,-3.9775716978
197498,-3.9919902981
197719,-3.9967518747
197849,-4.0015086843
197901,-3.9909627210
197942,-3.9853124128
198013,-3.9893897784
198050,-4.0039599484
198115,-4.0016115009
198216,-4.0083080675
198220,-4.0041005118
198221,-3.9940548173
198481,-3.9815619989
198482,-3.9887644802
198485,-3.9833993805
198613,-3.9780557859
198751,-3.9883890692
198841,-3.9869151187
199073,-4.0000565995
199076,-4.0113647602
199144,-4.0160796123
199184,-4.0235142150
199400,-4.0284336645
199504,-4.0274109475
199531,-4.0340599328
199638,-4.0546359839
199753,-4.0499629566
200072,-4.0537896242
200085,-4.0620756415
200131,-4.0954674225
200146,-4.0839767186
200266,-4.0744878495
200277,-4.0886108759
200375,-4.0834975294
200495,-4.0863421671
200543,-4.0668743238
200657,-4.0546960439
200683,-4.0679074643
200723,-4.0726902241
200755,-4.0711363211
200798,-4.0839762351
200894,-4.0712444723
201002,-4.0805461164
201070,-4.0877433155
201192,-4.0988016690
201219,-4.1066957237
201265,-4.1103612470
201270,-4.1312677083
201386,-4.1211929659
201456,-4.1302740529
201542,-4.1425568709
201587,-4.1402662957
201650,-4.1446831682
201699,-4.1450403471
201800,-4.1345901248
201845,-4.1394626045
201882,-4.1383099096
202017,-4.1365138005
202165,-4.1368846955
202206,-4.1265116205
202242,-4.1314157067
202282,-4.1250506134
202294,-4.1183297323
202394,-4.1248169631
202434,-4.1210476725
202456,-4.1090454423
202545,-4.1067555491
203156,-4.1038516904
203264,-4.1044378701
203418,-4.1049344365
203442,-4.1008834812
203652,-4.1055721717
203805,-4.0957839421
203851,-4.0924051210
203873,-4.0678704469
203944,-4.0745558510
203950,-4.1002195233
204031,-4.1141389481
204095,-4.0968919847
204654,-4.0978548679
204705,-4.0868099532
204744,-4.0797074940
204844,-4.1050373142
204849,-4.0910210611
204948,-4.0966022009
204957,-4.0947798336
205064,-4.0967096714
205119,-4.0941470716
205128,-4.0959984835
205190,-4.1067520274
205326,-4.1097172409
205630,-4.1007452131
205632,-4.0685153868
205732,-4.0751390072
205758,-4.0737355998
205882,-4.0683450951
205911,-4.0765996215
206115,-4.0711565022
206313,-4.0791404447
206568,-4.0722997196
206641,-4.0721572872
206750,-4.0760831822
206767,-4.0789413052
206791,-4.0803994292
207326,-4.1128977599
207329,-4.1387909154
207338,-4.1119266231
207477,-4.1229588548
207746,-4.1566863958
207827,-4.1506010305
207834,-4.1474687649
207916,-4.1478842491
208233,-4.1473628478
208391,-4.1720186747
208413,-4.1642189145
208454,-4.1794810219
208531,-4.1690085997
208543,-4.1749287483
208608,-4.1758088880
208672,-4.1680364357
208705,-4.1676650563
208751,-4.1868409079
208922,-4.1765536467
209009,-4.1779696788
209018,-4.1766456160
209164,-4.1775683350
209487,-4.1869377777
209675,-4.1793276224
209755,-4.1813483951
209781,-4.1732237056
209866,-4.1749748807
210101,-4.1619475187
210171,-4.1514628245
210250,-4.1541075055
210778,-4.1629910095
210933,-4.1674912739
211272,-4.1757058923
211299,-4.1428040714
211555,-4.1600978009
211557,-4.1472757911
211676,-4.1404021593
211901,-4.1446739086
212150,-4.1339886473
212325,-4.1134297365
212819,-4.1149629156
212904,-4.1143479385
212928,-4.1126374097
212992,-4.1087260182
213002,-4.1170127809
213110,-4.1168833946
213284,-4.1153123751
213436,-4.1204852405
213501,-4.1218023135
213536,-4.1179530672
213544,-4.1230828105
213590,-4.1180669670
213599,-4.1159364851
213628,-4.1502155179
214179,-4.1436126315
214443,-4.1368990164
214467,-4.1298184973
214582,-4.1007240614
214826,-4.1055414484
214856,-4.1031305088
214873,-4.1204625184
214879,-4.1140123845
214889,-4.1331387071
214939,-4.1150663759
215285,-4.1093951633
215290,-4.1065825168
215299,-4.0957481339
215316,-4.0958626508
215339,-4.1024793822
215512,-4.1168636012
215550,-4.1191269930
215590,-4.1219764165
215606,-4.1270485977
215638,-4.1246566776
215711,-4.1001993707
215991,-4.0987274632
215992,-4.0973445983
216153,-4.1021045046
216160,-4.0913960930
216312,-4.0867860253
216607,-4.0861023467
216628,-4.1025010098
216640,-4.1080443145
216792,-4.1035966806
216938,-4.1029321165
216945,-4.1102914548
216974,-4.1209055360
217076,-4.1066252423
217300,-4.0963683776
217438,-4.0903857863
217631,-4.0820166835
217710,-4.1045529799
218013,-4.0951807140
218092,-4.0926691579
218110,-4.0932050378
218187,-4.0948517390
218524,-4.0935393100
218883,-4.0651455123
218884,-4.0660253181
219090,-4.0663744034
219274,-4.0689507263
219453,-4.0676277405
219509,-4.0631102629
219588,-4.0665861100
219727,-4.0655832705
219802,-4.0605240297
219834,-4.0665848066
219927,-4.0680030585
220008,-4.0669268012
220291,-4.0491268006
220413,-4.0499513041
220439,-4.0572971430
220742,-4.0535549422
220785,-4.0424216538
220929,-4.0376154551
220959,-4.0471419683
221054,-4.0531116400
221136,-4.0549897572
221336,-4.0518658278
221455,-4.0359349971
221471,-4.0444172947
221492,-4.0507022392
221586,-4.0804592778
221600,-4.0923314614
221782,-4.0935553473
222014,-4.0922760809
222128,-4.1123724515
222149,-4.1141355536
222177,-4.1134134595
222605,-4.1117391672
222692,-4.1153103714
222751,-4.1321688810
222853,-4.1236309469
222993,-4.1242244145
223038,-4.1270141780
223403,-4.1058747282
223414,-4.1210195435
223503,-4.1329539336
223659,-4.1258186721
223781,-4.1266996007
223836,-4.1333505914
224010,-4.1398307887
224066,-4.1383406780
224068,-4.1392907560
224081,-4.1394821673
224107,-4.1179069782
224197,-4.1230652638
224381,-4.1203189940
224432,-4.1247194359
224493,-4.1128361721
224593,-4.1065724353
224596,-4.0927179579
224648,-4.0952543032
224679,-4.0991436769
224708,-4.1149373031
224814,-4.1235084027
224922,-4.1191371194
224928,-4.1207159535
225192,-4.1157830794
225240,-4.1187231824
225241,-4.1258435175
225315,-4.1580323594
225719,-4.1457159739
225744,-4.1126443504
225810,-4.1249659863
225935,-4.1205499597
225973,-4.1230054038
225978,-4.1226730285
226012,-4.1156567566
226047,-4.1011807444
226091,-4.1055944528
226330,-4.0939786810
226387,-4.0882573148
226475,-4.0722229391
226528,-4.0715522453
226584,-4.0905250697
226634,-4.0677716494
226932,-4.0827274495
226972,-4.0968861561
227025,-4.0790201040
227051,-4.0623063678
227146,-4.0602588689
227258,-4.0842948826
227379,-4.0853212276
227414,-4.0963506889
227419,-4.1019876632
227432,-4.0882465442
227509,-4.0898100759
227604,-4.0878916185
227944,-4.0673396874
228065,-4.0650012763
228071,-4.0516850392
228297,-4.0509965557
228480,-4.0423992896
228484,-4.0384059631
228496,-4.0275601483
228582,-4.0268210243
228727,-4.0225392039
228819,-4.0212893762
228989,-4.0240394601
229047,-4.0192078693
229052,-4.0435855970
229089,-4.0204257902
229113,-4.0328596409
229137,-4.0449482071
229359,-4.0697943107
229397,-4.0616176650
229571,-4.0561765256
229605,-4.0464845742
229642,-4.0282196595
229735,-4.0342562471
229779,-4.0243870519
229823,-4.0271638969
229964,-4.0249333239
229990,-4.0147142093
230002,-4.0279102795
230013,-4.0503324620
230044,-4.0332912105
230184,-4.0231217277
230207,-4.0241455793
230328,-4.0293331845
230509,-4.0516753607
230638,-4.0602833197
230656,-4.0491242044
230830,-4.0655831791
231172,-4.0599386061
231222,-4.0517064426
231269,-4.0495512502
231288,-4.0453083694
231305,-4.0535982438
231343,-4.0460455168
231362,-4.0401671804
231400,-4.0539454056
231451,-4.0591521015
231518,-4.0682438829
231687,-4.0710268685
231862,-4.0690677991
231888,-4.0726784273
232017,-4.0729654686
232060,-4.0834270657
232463,-4.0986383213
232598,-4.0949298744
232775,-4.0907327930
233108,-4.0943535728
233112,-4.0985983345
233311,-4.0844657535
233333,-4.0792121656
233505,-4.0942712597
233603,-4.1017698540
233604,-4.0865995137
233847,-4.0870566388
234014,-4.0987775084
234204,-4.0926906845
234252,-4.1088999106
234318,-4.1345094540
234376,-4.1670283555
234436,-4.1617833626
234452,-4.1722555725
234799,-4.1784317620
234910,-4.1839946939
234916,-4.1579322847
234972,-4.1559174752
235138,-4.1597670659
235514,-4.1628865621
235572,-4.1575955356
235593,-4.1630430035
235600,-4.1276716997
235605,-4.1320246509
235701,-4.1244418606
235897,-4.1201072263
236120,-4.1244305090
236176,-4.1375908679
236196,-4.1736487700
236399,-4.1799548162
236435,-4.1845304556
236587,-4.1867909016
236603,-4.1859838811
236797,-4.1846043089
236916,-4.1805026250
236975,-4.1659912748
237029,-4.1676911072
237054,-4.1735955837
237287,-4.1751780770
237611,-4.1487096565
237806,-4.1438138904
238237,-4.1405416122
238241,-4.1419831242
238296,-4.1459001983
238380,-4.1350974677
238513,-4.1344916670
238581,-4.1414902857
238864,-4.1249620167
239158,-4.1478074735
239234,-4.1604319487
239267,-4.1622846394
239430,-4.1570282836
239541,-4.1213009114
239898,-4.1315027786
239973,-4.1337556491
240195,-4.1221462188
240270,-4.1153554383
240310,-4.1243274759
240411,-4.1207496480
240539,-4.1061933601
240608,-4.1137881006
240681,-4.1005062533
240856,-4.0900309786
240866,-4.1039864474
240896,-4.0980115666
241031,-4.1036931080
241068,-4.0880746900
241089,-4.1006994105
241333,-4.0941502648
241446,-4.0905718213
241448,-4.0957581858
241563,-4.0972161195
241783,-4.0980230238
241844,-4.1103263116
242105,-4.1014629793
242116,-4.1113093935
242132,-4.1112005578
242163,-4.1050125540
242251,-4.0842644791
242254,-4.0848996839
242385,-4.0874861114
242466,-4.0773890454
242468,-4.0656554235
242521,-4.0626639797
242533,-4.0591737965
242698,-4.0484825068
242715,-4.0559662954
242772,-4.0629475956
242821,-4.0581095554
242860,-4.0543106211
242890,-4.0550179530
243207,-4.0700321492
243223,-4.0701189560
243234,-4.0685241635
243293,-4.0645290690
243314,-4.0696338184
243466,-4.0698845677
243513,-4.0694003070
243862,-4.0561963040
243940,-4.0557169983
244043,-4.0724789567
244152,-4.0719851023
244178,-4.0683339136
244489,-4.0757755129
244661,-4.0714833593
244710,-4.0545805245
244828,-4.0447444894
244831,-4.0584157428
244836,-4.0548144985
245039,-4.0598853020
245082,-4.0654484971
245103,-4.0586448635
245353,-4.0587423925
245364,-4.0494754342
245399,-4.0502895148
245443,-4.0514803358
245650,-4.0707894736
245785,-4.0831289232
245916,-4.1045138415
245926,-4.1052562194
245998,-4.1054340298
246041,-4.0927008203
246042,-4.0945916150
246087,-4.0865728156
246187,-4.0919219519
246343,-4.0857283661
246806,-4.0721774311
246921,-4.0726528746
247038,-4.0534406560
247125,-4.0630220272
247162,-4.0653410952
247239,-4.0764478724
247371,-4.0662561632
247433,-4.0731608901
247558,-4.0692395409
247622,-4.0672724443
247699,-4.0376922364
247714,-4.0398714233
247792,-4.0358751429
247831,-4.0341415325
247833,-4.0334737372
247982,-4.0210344824
248028,-4.0178548956
248097,-4.0041169817
248100,-4.0118579089
248222,-4.0011743428
248491,-3.9904981637
248567,-3.9983007813
248579,-4.0110518042
248637,-4.0101309587
248667,-4.0156512778
248715,-4.0096900684
248914,-4.0174087489
248939,-4.0143887206
248993,-3.9898427096
249153,-3.9760147742
249220,-3.9734430256
249231,-3.9764208628
249321,-3.9643190736
249496,-3.9678077543
249602,-3.9900171624
249796,-3.9937627968
249870,-3.9736831662
250405,-3.9634699936
250414,-3.9644349526
250641,-3.9713426248
250757,-3.9760217041
250760,-3.9548038866
250791,-3.9528087507
250799,-3.9569456980
250805,-3.9616980895
251116,-3.9592395196
251120,-3.9606248211
251334,-3.9688128814
251362,-3.9830337017
251542,-3.9870678079
251553,-3.9887264530
251580,-3.9880510143
251604,-3.9900958519
251659,-4.0097975012
251685,-4.0052755404
251806,-4.0048904263
251813,-3.9900026527
251856,-3.9990637439
251884,-4.0343273483
251912,-4.0389649382
252139,-4.0269117193
252159,-4.0365200660
252229,-4.0289715144
252364,-4.0428528872
252369,-4.0275344958
252375,-4.0312702451
252423,-4.0462786817
252429,-4.0350199367
252442,-4.0332186593
252456,-4.0287040704
252584,-4.0263818915
252596,-4.0307126213
252658,-4.0504487763
252674,-4.0539223720
252712,-4.0473561038
252777,-4.0398704233
252958,-4.0470000405
252993,-4.0555852739
253039,-4.0597688070
253053,-4.0736128977
253063,-4.0707366074
253067,-4.0739797753
253254,-4.0617372208
253342,-4.0636796932
253347,-4.0526670878
253518,-4.0645895257
253531,-4.0691925945
253545,-4.0836262496
253647,-4.0764235250
254060,-4.0744347959
254062,-4.0830256132
254207,-4.0615814593
254233,-4.0622950040
254396,-4.0690994418
254413,-4.0582686494
254462,-4.0616395883
254514,-4.0653368753
254544,-4.0821255502
254556,-4.0769961431
254708,-4.0787357036
254732,-4.0967163259
254778,-4.0974617610
254912,-4.1086277387
255116,-4.0956999361
255138,-4.1061571708
255202,-4.1092332125
255203,-4.1003358705
255281,-4.0919639959
255507,-4.1061508954
255579,-4.0926503144
255600,-4.0760454371
255762,-4.0706953445
255797,-4.0756223554
255800,-4.0932350286
255824,-4.0918256162
255832,-4.1149752251
255865,-4.1116503463
255960,-4.1116335115
256044,-4.1160101006
256066,-4.1164223594
256072,-4.1026069230
256074,-4.1016954075
256184,-4.1073943964
256241,-4.1053699327
256250,-4.0984110156
256337,-4.1126406565
256851,-4.1138914445
256873,-4.1100773809
257049,-4.1054437139
257326,-4.1169661434
257370,-4.1137675765
257500,-4.1120324000
257533,-4.1227931661
257549,-4.1244162518
257957,-4.1306938636
258157,-4.0917114966
258452,-4.0926143442
258486,-4.0970109965
258548,-4.0828732448
258600,-4.1129646847
258612,-4.1184188922
258633,-4.1245968689
258763,-4.1089317107
258836,-4.1050226001
259049,-4.0990278649
259268,-4.0900915163
259375,-4.0863383204
259454,-4.0864181574
259497,-4.0905093065
259634,-4.0788122774
259636,-4.0568714830
259744,-4.0269550272
259749,-4.0273883124
259864,-4.0376725629
259931,-4.0480805843
260001,-4.0506869389
260070,-4.0585960528
260142,-4.0680236591
260336,-4.0767973734
260444,-4.0581809213
260514,-4.0604249906
260596,-4.0377323751
260624,-4.0577069110
260633,-4.0646933027
260699,-4.0734237717
260766,-4.0668666766
260769,-4.0697421656
260913,-4.0442287969
260929,-4.0290577240
261017,-4.0307121698
261032,-4.0273219872
261068,-4.0423657764
261104,-4.0471116247
261142,-4.0458988010
261194,-4.0454012455
261252,-4.0402772527
261363,-4.0273956322
261369,-4.0363252114
261386,-4.0481154182
261488,-4.0469665099
261519,-4.0456510636
261544,-4.0212790235
261632,-4.0136524648
261705,-4.0273540541
261713,-4.0286439762
261719,-4.0328072544
261751,-4.0182175786
261795,-4.0123243990
261801,-4.0675060938
261880,-4.0715768908
261902,-4.0770869648
262132,-4.0739528889
262336,-4.0782162596
262389,-4.0802395870
262636,-4.0870173342
262651,-4.0852105127
262676,-4.0788541725
262821,-4.0839161962
262944,-4.0944641983
263129,-4.1031614297
263137,-4.1055970064
263302,-4.1281270360
263427,-4.1162000124
263693,-4.1227365584
263742,-4.1232192829
263749,-4.1191466415
263965,-4.1068833842
264086,-4.0980489992
264104,-4.0639215934
264169,-4.0529032695
264174,-4.0433606520
264184,-4.0510194877
264195,-4.0554146816
264369,-4.0637374293
264492,-4.0607269200
264545,-4.0649012850
264579,-4.0803534707
264592,-4.0821967218
264616,-4.0908035210
264797,-4.0873978060
264798,-4.1130722720
264845,-4.1355529103
265123,-4.1320749989
265259,-4.1464859560
265307,-4.1496708182
265562,-4.1439557859
265797,-4.1347448603
265845,-4.1271624940
265885,-4.1194269335
266121,-4.1158736913
266136,-4.1091733907
266150,-4.0939153648
266216,-4.0753402318
266279,-4.0767402208
266327,-4.0774595175
266368,-4.0758016679
266398,-4.0713627870
266656,-4.0543619578
266688,-4.0541627787
267006,-4.0699979944
267105,-4.0761925083
267122,-4.0734989549
267135,-4.0762734944
267416,-4.0845848767
267464,-4.0714919103
267513,-4.0751242468
267666,-4.0628019430
267981,-4.0433872278
268061,-4.0395383964
268075,-4.0429247595
268104,-4.0161827333
268186,-4.0015674613
268506,-3.9999380477
268521,-4.0101682938
268538,-4.0032774509
268705,-3.9922971989
268751,-3.9773534150
268753,-3.9820002919
268755,-3.9815929768
268983,-3.9809830846
268988,-3.9842336342
269054,-3.9852264153
269055,-3.9851670827
269069,-3.9759314278
269092,-3.9664142350
269235,-3.9752601715
269394,-3.9814975984
269489,-3.9792432944
269520,-3.9782958103
269521,-3.9782958103
269585,-4.0090722733
269587,-3.9959751539
269641,-3.9934031583
269658,-4.0092483979
269751,-3.9992618203
269811,-4.0050415248
269829,-3.9956799450
269871,-4.0138417338
269939,-4.0170106780
270026,-4.0133799035
270071,-4.0041362424
270221,-4.0044306676
270248,-4.0032369363
270353,-3.9913712394
270385,-3.9878445437
270467,-3.9906286376
270469,-3.9929828830
270520,-4.0095366095
270656,-4.0140506596
270688,-4.0316610892
270705,-4.0351409769
270730,-4.0322295440
270763,-4.0223710851
271057,-4.0135747906
271192,-3.9938151746
271258,-3.9872655549
271268,-3.9951447402
271600,-4.0006947760
271650,-3.9979356251
271795,-3.9978947957
271817,-3.9846370230
272059,-4.0028949406
272077,-4.0041919414
272318,-3.9946695964
272432,-3.9958020272
272458,-3.9955024681
272493,-3.9774596708
272606,-3.9768103026
272642,-3.9515390237
272689,-3.9619099611
272746,-3.9635081418
272790,-3.9741548169
273031,-3.9772234074
273183,-3.9819877673
273365,-3.9879886979
273392,-3.9891447440
273396,-4.0061781536
273418,-3.9884849951
273484,-3.9940703883
273508,-3.9951054712
273642,-3.9987021726
273670,-4.0049172362
273751,-4.0186514647
273890,-4.0314493868
274052,-4.0433652943
274101,-4.0459959915
274102,-4.0459959915
274133,-4.0407814660
274148,-4.0498188255
274161,-4.0708055583
274171,-4.0715045657
274202,-4.0879550823
274287,-4.1003067954
274355,-4.0948701129
274500,-4.0813993346
274528,-4.0839278980
274579,-4.0873581605
274606,-4.1080240572
274824,-4.1047009134
274884,-4.1244551310
274900,-4.1273011090
274914,-4.1315590137
275156,-4.1392576796
275241,-4.1603919715
275250,-4.1732385036
275389,-4.1972340451
275509,-4.2023870979
275761,-4.2040162628
275949,-4.1898883092
276105,-4.2165854310
276150,-4.2266553190
276185,-4.1954057644
276283,-4.1761843550
276355,-4.1722169560
276468,-4.1959602669
276481,-4.2168711463
276501,-4.2200628283
276586,-4.2148709619
276744,-4.2131064940
277084,-4.2182619422
277143,-4.2270279659
277238,-4.2329712739
277304,-4.2499182771
277487,-4.2517004763
277599,-4.2558798677
277698,-4.2553649630
277815,-4.2311343307
277927,-4.2248592392
278122,-4.2227386742
278469,-4.2199520534
278529,-4.2114600802
278536,-4.2030672904
278576,-4.2041047824
278643,-4.1967146395
278684,-4.2304330368
279253,-4.2284925096
279256,-4.2295399235
279424,-4.2299109608
279471,-4.2326361629
279476,-4.2216915494
279613,-4.2244843327
279796,-4.2322991917
280180,-4.2348095999
280211,-4.2221212491
280294,-4.2342026712
280398,-4.2479919578
280433,-4.2479823801
280490,-4.2427246508
280657,-4.2482020880
280929,-4.2438548166
281207,-4.2366637692
281272,-4.2431889861
281352,-4.2504432183
281396,-4.2133730330
281734,-4.2194490483
281804,-4.2126716897
282136,-4.2038270871
282185,-4.1954837721
282313,-4.1836862163
282397,-4.1931377190
282625,-4.1764960852
282627,-4.1909527508
282678,-4.1868184868
282708,-4.1929574638
282743,-4.1678176794
282750,-4.1857518780
282812,-4.1822054248
282833,-4.2136966665
282834,-4.2216956634
282917,-4.2230980834
282940,-4.2380498250
282963,-4.2380832419
283120,-4.2267989912
283187,-4.2318523910
283237,-4.2182041813
283448,-4.1936766362
283541,-4.1868400448
283649,-4.1744873500
283654,-4.1733515016
283718,-4.1781504230
283773,-4.1824229749
283854,-4.1625270550
283879,-4.1620408724
283994,-4.1522278774
284191,-4.1647536116
284212,-4.1676877831
284258,-4.1700896672
284355,-4.1700775156
284366,-4.1695935171
284605,-4.1562785769
284608,-4.1524379968
284633,-4.1505306712
284677,-4.1556805905
284726,-4.1571258817
285064,-4.1763815493
285148,-4.1896151775
285470,-4.1910372470
285518,-4.1952515911
285664,-4.2109364473
285701,-4.2187722158
285769,-4.2262564039
285784,-4.2243769589
285987,-4.2462562915
286022,-4.2520031315
286108,-4.2447150575
286130,-4.2394934552
286168,-4.2434431196
286202,-4.2559798683
286594,-4.2661314343
286596,-4.2661314343
286781,-4.2695276240
286832,-4.2910138915
286895,-4.2867791304
286905,-4.2818622089
286908,-4.2762076002
286989,-4.2708354932
287012,-4.2774221129
287313,-4.2801022122
287392,-4.2847520342
287422,-4.2881204914
287461,-4.2932218714
287523,-4.2997891042
287661,-4.3003223108
287797,-4.3089332173
287915,-4.3195408395
288051,-4.3248876528
288085,-4.3280026442
288093,-4.3214649413
288117,-4.3113726986
288139,-4.3174189138
288146,-4.3370368174
288179,-4.3316593247
288631,-4.3210216730
288669,-4.3204834739
289119,-4.3216020696
289424,-4.3214787749
289426,-4.3364016354
289427,-4.3478435082
289566,-4.3447018982
289703,-4.3828731231
289805,-4.3879198555
289987,-4.3653562266
290010,-4.3577035676
290023,-4.3435437508
290129,-4.3280889543
290205,-4.3316624702
290392,-4.3288518249
290628,-4.3338353771
290738,-4.3444651548
290783,-4.3474738486
290789,-4.3849987046
290795,-4.3968311374
290836,-4.3888737406
290865,-4.3940464837
290884,-4.4238570396
290928,-4.4381491914
291116,-4.4431287063
291274,-4.4299740567
291759,-4.4306290063
291905,-4.4292709161
291908,-4.4338482262
291960,-4.4423707064
291978,-4.4610343340
292429,-4.4725214132
292459,-4.4616042351
292499,-4.4673266503
292515,-4.4788947816
292613,-4.4649522059
292700,-4.4870500430
292703,-4.4864093315
293007,-4.4768359640
293032,-4.4739429177
293059,-4.4733683982
293624,-4.4606792602
293765,-4.4592425972
293772,-4.4588619512
293902,-4.4482140794
293937,-4.4488160560
294115,-4.4464276646
294391,-4.4616684383
294525,-4.4337809850
294575,-4.4407271289
294584,-4.4413679180
294642,-4.4391139585
294767,-4.4345885465
294805,-4.4273393990
294819,-4.4292466907
294907,-4.4237213128
295026,-4.4356056353
295045,-4.4414030263
295653,-4.4387105100
295654,-4.4352375661
295970,-4.4259267629
296042,-4.4216142270
296204,-4.4097325596
296544,-4.4104730999
296815,-4.4107695532
296887,-4.4122589269
296958,-4.4091707612
296991,-4.3976739427
297005,-4.3989355976
297140,-4.4172202968
297228,-4.4314288290
297475,-4.4391548361
297663,-4.4622987244
297780,-4.4494997768
297820,-4.4433315477
297848,-4.4421046754
298048,-4.4503520151
298257,-4.4660978458
298297,-4.4983155772
298787,-4.5233428970
298846,-4.5243627498
299118,-4.5132003040
299132,-4.5030653171
299133,-4.5030653171
299134,-4.5170132157
299228,-4.5355804117
299277,-4.5178544346
299568,-4.5249157520
299655,-4.5277938084
299854,-4.5262579595
299935,-4.5278955635
299938,-4.5236306778
299978,-4.5248479822
299987,-4.5318276293
